customer_id,first_name,last_name,email,phone,street,city,state,zip,birthdate
1,Brian,Lindsey,brian.lindsey@example.com,2907469366,70182 Young Walk Suite 938,Ryanbury,PR,78954,1957-07-18
2,James,Young,james_young@outlook.com,1549335314,756 Kevin Orchard Apt. 140,East Katelynland,NC,75965,1972-08-10
3,Ralph,Henderson,ralph.henderson15@gmail.com,4119876981,046 Young Dam,Bennettport,MA,86409,1943-10-24
4,Desiree,Brown,desireeb@gmail.com,9046401033,8197 Nguyen Spurs,East Linda,RI,15330,1998-12-31
5,Christopher,Garcia,christophergarcia@example.com,1267287129,128 Lawrence Stream,West Christopherview,FM,01797,1953-10-29
6,Anna,Avila,anna_avila@example.com,1562099563,4030 Michael Land Apt. 066,South Michael,ID,60623,1956-03-12
7,Kimberly,Thompson,kthompson@example.com,7114329098,08626 Andrew Wall Suite 480,Port Jenniferfort,TX,91853,1993-01-18
8,Eric,Singleton,esingleton@gmail.com,9709441210,14970 Solis Falls Apt. 489,North Megan,FM,33497,1965-06-05
9,Jonathan,Shaw,jonathans@yahoo.com,6808636588,86606 Jessica Fields Apt. 799,Lake Meghanshire,MD,15360,1962-04-17
10,Jonathan,Phillips,jonathan_phillips@outlook.com,7287631470,27115 Anthony Grove Suite 920,New Molly,MO,13999,1959-03-09
11,Charles,Hernandez,charles.hernandez76@yahoo.com,3691331349,96412 Joanna Summit Suite 920,Christophermouth,CO,50817,1961-04-17
12,Steven,Thomas,steventhomas@example.com,3619774318,2064 Cruz Ferry,New Aprilborough,KS,84321,1967-08-27
13,Matthew,Anderson,matthew_anderson@example.com,4623304500,101 Christopher Crossing Apt. 814,Emmafurt,LA,94988,1960-05-09
14,Gregory,Taylor,gregorytaylor@yahoo.com,6958030088,970 Wilson Canyon Apt. 670,Lake Anthony,LA,70175,2002-01-17
15,John,Garcia,jgarcia@example.com,3693827346,98825 Derek River Apt. 351,Rhondatown,MI,09318,1956-03-04
16,Kathleen,Navarro,kathleen.navarro@outlook.com,5766733386,68058 Jerry Square Suite 270,West Andrewshire,IN,24902,1968-03-28
17,Daniel,Ross,danielr@yahoo.com,3843545744,28531 John Springs,East Jamie,NY,14638,1968-09-07
18,Jacqueline,Mcdowell,jacquelinemcdowell@yahoo.com,2999718039,767 Edward Stream,Mckinneymouth,OK,47412,2007-08-11
19,Robert,Vargas,robert.vargas@outlook.com,5165343264,1410 Jaclyn Groves,Susanhaven,MH,90966,1983-02-08
20,Jennifer,King,jennifer.king51@example.com,8621720127,404 Bowman Canyon,Lake James,MS,49400,1949-09-03
21,Jillian,Nixon,jilliannixon@example.com,4952721130,6589 Sexton Roads,Ellismouth,OH,88475,1982-07-24
22,Katelyn,Elliott,katelynelliott@example.com,2368544758,06516 Mcneil Vista Suite 606,Cindyville,LA,58514,1969-11-14
23,Charles,Cortez,charles.cortez@gmail.com,6886157853,05762 Allen Springs Suite 488,New Melissaview,MI,68819,2005-06-04
24,Rodney,Brown,rodneybrown@gmail.com,3236862551,9742 Vincent Drives Suite 879,North Jameston,IL,83372,1960-08-17
25,Debbie,Allen,debbie_allen@outlook.com,1323064120,8926 Dickerson Mount,East Mark,DC,08200,1991-01-03
26,Savannah,Serrano,savannahs@gmail.com,0390867175,88470 Perry Ways Suite 942,East Alicia,NC,15161,1960-03-15
27,John,Miller,johnm@example.com,9492421842,3931 Adams Road Apt. 460,South Bruce,WI,67158,1962-03-11
28,Jill,Parker,jillp@gmail.com,5150025499,611 Michele Pike Suite 265,Katieburgh,FL,68868,1981-06-23
29,Tara,Mckee,tara_mckee@outlook.com,7257608033,76714 Douglas Vista,Kelseyburgh,VT,96362,1987-03-31
30,Christian,Stevens,christian.stevens@example.com,3826258288,82555 Choi Coves,South Nicole,MI,37654,1946-10-30
31,Mason,Johnson,masonj@gmail.com,3119747741,57324 Dylan Field Apt. 848,West Johnberg,ND,93713,2003-12-11
32,Timothy,Perez,timothyp@gmail.com,5969382227,930 Jamie Harbors Apt. 103,Sabrinaside,NJ,88557,1994-05-19
33,Matthew,Lang,mlang@outlook.com,6343325031,941 Karen Glens Suite 938,Carterhaven,AL,97831,1956-09-24
34,Chad,Alvarez,chada@yahoo.com,2563329561,058 Jackson Ridges,South Erik,CO,48462,1946-12-12
35,Judith,Williams,jwilliams@example.com,0368577616,5056 Sanchez Shoals Apt. 357,West Natashaville,VI,10976,1950-07-30
36,Anna,Osborne,annaosborne@gmail.com,3009302187,8125 Jacob Corners,West Amy,AL,50674,1994-03-04
37,Trevor,Evans,trevorevans@outlook.com,0792047874,9022 Osborne Landing,Ianton,MH,52591,1953-08-28
38,Christina,Roberts,christina_roberts@gmail.com,6821012647,4159 Kevin Motorway Suite 044,New Rebeccaport,MD,91254,1967-01-03
39,Maria,Walker,mwalker@outlook.com,8389901305,9516 Melanie Dale Suite 907,East Brett,ID,69269,1982-12-29
40,April,Page,april.page4@gmail.com,1845422872,73590 Maria Lock Apt. 748,East Ronaldhaven,MA,83112,1986-03-06
41,Nathaniel,King,nathaniel.king@yahoo.com,2558682163,9945 Thomas Mountains,Henrybury,NY,99850,1999-04-05
42,Jessica,Harris,jessica_harris@outlook.com,9696362602,950 Dana Field Apt. 793,Rayland,CT,41399,2004-08-14
43,Kayla,Norton,kayla.norton@example.com,3574079305,8944 Miller Lake,Port Johnview,TN,80762,1996-07-27
44,Sean,Dillon,sdillon@outlook.com,2307634722,74355 Khan View Apt. 395,Maryville,CT,57298,1999-09-17
45,James,Hicks,james.hicks1@yahoo.com,1961602174,932 Burns Junctions Apt. 574,Kingchester,AL,76470,1962-06-22
46,Kaitlyn,Williams,kaitlynw@gmail.com,4439490156,0111 Brown Keys,Rogersstad,MP,36576,1943-06-07
47,Samuel,Whitney,samuel.whitney@yahoo.com,5144802897,1255 Jessica Path Apt. 349,New Stephanieview,PW,23645,1997-04-14
48,Ralph,Hill,ralph.hill@gmail.com,2295907281,10542 Erika Ferry Suite 412,South Gabrielland,ND,10736,1997-08-17
49,Connor,Combs,connor_combs@outlook.com,6634956575,825 Gomez Causeway Suite 951,Brooksfurt,WI,77429,1998-08-22
50,Leslie,Soto,leslie_soto@example.com,9159309317,7731 Torres Stravenue Suite 541,Huffmanport,DE,23744,1990-04-24
51,Christopher,Adams,christopher_adams@example.com,4685310698,641 Johnathan Meadows Suite 624,Amandastad,ID,28435,1991-05-17
52,Bobby,Gomez,bobby_gomez@yahoo.com,3183294193,780 Sean Wall,Port Stephen,GA,49534,1967-10-25
53,Scott,Martinez,scott.martinez@yahoo.com,5597802797,97599 Eric Valleys,Lozanoview,DE,45134,1967-06-23
54,Richard,Johnson,richard.johnson70@gmail.com,7910580496,9500 Robert Knolls,South Chad,PA,94344,1980-06-08
55,Larry,Porter,larry.porter@gmail.com,2156912891,737 Page Stream Apt. 171,Davismouth,AZ,03267,1993-12-25
56,Eric,Marshall,eric.marshall@outlook.com,2259957856,5224 Crawford Meadow Apt. 169,Port Nancymouth,HI,20132,1968-11-17
57,Thomas,Roberts,thomas_roberts@outlook.com,9858306080,1329 Adams Streets Apt. 982,New Cheyennefort,IL,93385,1977-07-06
58,Jonathan,Roman,jroman@outlook.com,5455798735,78198 Goodman Squares,Scotthaven,TN,19541,1966-10-22
59,Matthew,Ortega,matthewortega@outlook.com,0996207991,218 Mary Brook,Collinsstad,DC,89717,2007-02-12
60,Marcus,King,marcusking@example.com,4898974347,740 Timothy Pike,Lake David,GU,51571,1959-11-24
61,Scott,Leach,scott.leach@outlook.com,2920925076,86142 Brown Stream,Lake Richardside,CA,49620,1992-05-03
62,Vincent,Parker,vparker@yahoo.com,5682622540,064 Bryant Track,Laurenfort,MP,10804,1969-08-14
63,Christine,Peters,christinepeters@example.com,2612252376,92397 Isabel Dale,Millerfurt,NY,86391,1972-01-08
64,Luis,Roman,luis.roman@yahoo.com,4488995727,72521 Leah Unions Suite 655,Ruizfurt,NJ,78986,1977-08-22
65,Nathan,Watts,nathan.watts@outlook.com,1382578376,796 Chapman Rest,East Maria,PW,23431,1990-02-24
66,Craig,Baker,craigbaker@yahoo.com,0928252423,3994 Terri Views,New Tammymouth,GA,63218,1983-09-18
67,Tonya,Williams,twilliams@example.com,4068312299,679 Reed Pike Suite 977,Michaeltown,MT,13515,1965-06-04
68,Lori,Robinson,lrobinson@outlook.com,3209414488,71969 Adrienne Bridge Apt. 080,Donaldsonshire,TX,51537,1941-04-21
69,Heather,Williams,heather_williams@example.com,2124898587,52058 Reginald Hill,Boyleview,DC,68950,1961-12-24
70,Donald,Brooks,donald_brooks@example.com,8785883375,290 Burnett Circles Suite 468,Andrewville,NY,35909,1940-05-03
71,Lisa,Knapp,lisa_knapp@example.com,1211437619,43258 Price Meadows Apt. 527,Lake Melissaton,NE,44617,2002-01-15
72,Kristen,Moore,kristen.moore57@gmail.com,8859028645,3515 Courtney Skyway,Gonzalezstad,TX,80344,1961-06-19
73,Jose,Mccoy,josemccoy@yahoo.com,3425860639,825 Michael Crest Suite 452,West Jonathanfurt,NM,53052,1948-08-29
74,Sergio,Patel,sergio.patel24@gmail.com,5584153594,501 Michael Crossroad,New Danielle,MO,53721,1959-07-08
75,Christina,Roberts,christina.roberts79@example.com,5957521898,600 Gray Spring Apt. 488,Brianmouth,NE,41474,1955-12-14
76,Elizabeth,Jackson,elizabeth.jackson@example.com,2369940659,148 Watts Roads Suite 322,Calvinville,MO,32081,1962-06-08
77,Kristina,Garcia,kgarcia@yahoo.com,8796861831,856 John Way Suite 558,Smithborough,KY,52421,1991-08-31
78,Amy,Williams,amy.williams3@outlook.com,0004167943,6810 Green Fall Apt. 840,West Nancyland,CA,55808,2003-05-02
79,Kristin,Porter,kristinp@gmail.com,1402345544,27547 Stacy Hollow Suite 429,Michaelton,WI,21584,1992-06-23
80,Nathaniel,Smith,nathaniel.smith9@example.com,2486452020,781 Laurie Lodge Apt. 356,Kathleenborough,GU,38740,1996-02-28
81,Cheryl,Powell,cheryl.powell88@outlook.com,6995463540,342 Evans Roads,Cynthiaville,HI,71402,1983-02-08
82,Crystal,Foley,crystalfoley@outlook.com,8520770083,5812 Roberts Trail,South Andreaberg,WV,50953,1952-12-12
83,Michael,Cook,michael.cook@yahoo.com,7673325356,1778 Velasquez Shore,North Amanda,ID,03449,1966-05-24
84,Aimee,Burns,aimeeb@example.com,6485915256,244 Hull Orchard Apt. 354,Patrickborough,KS,81304,1941-04-12
85,John,Flores,johnf@outlook.com,4071523321,71559 Charles Valley,Kellyside,CT,31934,2000-08-18
86,Christopher,Dalton,christopher.dalton@yahoo.com,7623632506,85091 King Locks Apt. 102,West Steven,NM,14936,1971-10-24
87,Jane,Scott,jane.scott@gmail.com,9915855997,7591 Tabitha Pass Apt. 664,Lake Danielle,LA,86660,1966-04-21
88,Corey,Berg,corey_berg@gmail.com,2566813946,82144 Scott Summit,Waltermouth,MN,60280,1964-04-09
89,Misty,Steele,mistys@example.com,5820795399,59884 Underwood Ridge Apt. 989,Gonzaleschester,CA,49684,1973-07-22
90,Wanda,Johnson,wanda.johnson2@example.com,7223789169,1545 Jacobs View Apt. 288,New Jimmyhaven,MD,72708,2002-01-07
91,David,Alvarez,david_alvarez@yahoo.com,5418218424,51943 Bruce Route,New Rebecca,PA,29993,1955-01-01
92,Cassandra,Walker,cassandraw@yahoo.com,1815122239,613 Yolanda Way,East Anthonystad,IA,44370,1984-10-14
93,David,Graham,david.graham15@outlook.com,9746809876,3960 Martinez Trail Apt. 537,West Keith,NV,16417,1997-06-27
94,Sara,Brown,sarabrown@yahoo.com,0102582350,169 Melissa Ports Apt. 062,West Connieburgh,NH,85651,1980-10-29
95,Alyssa,Foster,alyssafoster@example.com,0934236461,1962 Baxter Path Apt. 752,North Gabrielland,PR,72412,1988-02-17
96,Cassidy,Taylor,ctaylor@gmail.com,9900000366,095 Miguel Row Apt. 212,Jasminebury,AZ,30130,1950-05-19
97,April,Johnson,ajohnson@yahoo.com,3693654215,546 Lisa Springs Suite 282,West Derek,MT,49429,1985-03-13
98,Nicholas,David,ndavid@outlook.com,7330231699,64483 Cook Spurs Suite 549,Karenmouth,VA,26266,1940-10-13
99,Christopher,Bowers,christopherb@outlook.com,6235303785,812 Hutchinson Parks,West Kylefurt,AR,75951,1995-05-06
100,Megan,Olson,megano@example.com,7325085669,262 Mcgee Walks Suite 090,Stevensonstad,NJ,52322,1974-08-14
101,Karen,Sullivan,karen.sullivan@example.com,5079940703,295 Sharon Drive Suite 371,Vincentville,GU,52942,1968-09-21
102,Jillian,Rios,jillian_rios@yahoo.com,6957350001,49655 Brandon Inlet,Lake Douglastown,NC,31102,1962-03-05
103,Justin,Faulkner,justin.faulkner@example.com,2589665486,216 Taylor Rest Suite 615,North Jillian,WV,51723,1960-09-01
104,Amanda,Holmes,amandah@gmail.com,3230315430,46251 Estrada Trail Suite 585,New Danielburgh,GU,40009,1959-05-15
105,Sharon,Wilson,sharonwilson@outlook.com,4970604142,741 Long Mountains Apt. 464,South April,UT,15404,1994-03-13
106,Amanda,Perez,amandaperez@outlook.com,9063631857,8265 Powell Summit Suite 576,New Tammy,TX,81857,1987-06-01
107,Andrea,Lopez,andrealopez@gmail.com,1833556216,4065 Williams Coves Apt. 296,Castillomouth,GA,04384,1958-06-04
108,Mackenzie,Lee,mackenzie.lee@outlook.com,8577878426,5629 Moore Springs,East Erin,CA,27041,1945-08-25
109,Shannon,Drake,shannond@example.com,1525694996,352 Jason Forges,East Russell,AS,26942,1983-02-26
110,Sandra,Morrow,sandram@example.com,7387040300,50071 Sherry Lock Apt. 281,Lake Rebecca,DE,95707,1979-07-12
111,Alexander,Schwartz,aschwartz@yahoo.com,2130942213,873 Keith Lake Suite 664,North Stacy,MI,29668,1980-04-03
112,Jared,Edwards,jarededwards@example.com,5975802726,2390 Garrett Valley Suite 095,Lake Robert,NY,83002,1967-08-05
113,Justin,Hernandez,justin.hernandez6@outlook.com,7716021325,4333 Shawn Mall,Lake Johnport,NE,96507,1976-04-16
114,Susan,King,susan.king9@yahoo.com,1207338332,49843 James Pike Suite 136,Adrianbury,WY,92929,1952-11-10
115,Lisa,Cummings,lisa.cummings@gmail.com,8546545489,99548 Benjamin Port,North Dustinfort,WA,14756,2007-11-26
116,Kelly,Nelson,kelly_nelson@gmail.com,1757020660,9492 Smith Passage Apt. 394,North Christopher,WY,44161,1979-08-28
117,Kathy,Mendoza,kathymendoza@example.com,6226225121,944 Adams Isle,Davidside,NM,25193,1979-08-05
118,Tony,Juarez,tony_juarez@gmail.com,3261730947,8165 Richard Lodge,Birdburgh,FL,62174,1960-01-27
119,Max,Singh,maxs@yahoo.com,0472133450,830 Abbott Park,Barrettchester,IL,17924,2002-08-25
120,Vanessa,Erickson,vanessaerickson@example.com,5899787636,1475 Kaiser Ville,South Nicolefurt,HI,30332,1996-07-28
121,Heather,Anderson,heatheranderson@gmail.com,4403866349,53556 Courtney Loop,Anthonymouth,TX,43858,1941-04-16
122,Michael,Davis,michael.davis@yahoo.com,3120659742,2528 Kristen Canyon Apt. 201,Port Matthewfort,MA,90892,2002-04-23
123,Wendy,Patterson,wpatterson@gmail.com,8429474479,96003 Crystal Ridge Apt. 860,West Ryanhaven,NM,28554,2002-06-21
124,Dale,Salazar,dsalazar@gmail.com,9294404600,1369 Thompson View,Michaelhaven,SC,65229,1941-07-12
125,Rhonda,Lowery,rhonda_lowery@gmail.com,8001957155,49658 Isabella Road,West Jamie,TX,14122,1958-08-07
126,Marcus,Collins,marcuscollins@outlook.com,5935752471,384 Bauer Parkway,North Brandonview,AR,47995,1957-09-07
127,David,Baker,davidb@example.com,5765054642,19491 Dixon Bridge,Jenniferport,HI,44953,1982-07-28
128,Walter,Marshall,walter.marshall@yahoo.com,7802382752,7205 Keith Road,Lake Jessica,ND,37195,1989-09-09
129,Lawrence,Clark,lawrence.clark20@outlook.com,9326338990,17182 Christine Union,West Daniel,LA,69178,1979-05-28
130,Mary,Miller,mary_miller@gmail.com,9313475273,8328 Wilson Springs Suite 183,Port Erinborough,DC,19286,2007-05-18
131,Zachary,Barker,zachary.barker@example.com,1583486335,83710 Mccarthy Fort Suite 919,Shawnburgh,ID,96196,1975-10-24
132,Rebecca,Shannon,rshannon@example.com,0965362080,282 Chen Passage,Lake Nicoleshire,MT,72172,1958-09-21
133,Amber,Patterson,amber_patterson@example.com,3962536247,84401 Harrington Corner,Nathanhaven,IL,47473,1991-05-07
134,Brandon,Woods,brandon.woods6@example.com,9099979902,931 Jennifer View,Pamelamouth,IN,06061,1970-07-20
135,Bill,Sharp,bsharp@yahoo.com,6651508288,6441 Caitlin Falls,Gregchester,OK,53362,1974-03-19
136,Wendy,Nielsen,wendy.nielsen@example.com,8840829235,8599 Andrew Island,Arnoldbury,PW,91092,1994-06-25
137,David,Graham,davidgraham@yahoo.com,5050686597,84838 Stacy Center,Danachester,IA,35599,1962-11-14
138,Anna,Bridges,annab@yahoo.com,9903856776,7568 Bautista Harbors Apt. 526,Port Angelachester,KS,54898,1982-10-03
139,Joseph,Adams,joseph.adams60@yahoo.com,5704492607,08878 Amy Mills,Port Christine,NJ,69442,1991-08-10
140,Timothy,Martin,timothy.martin4@example.com,7132263823,69475 Watson Points Suite 799,Smithburgh,MO,88237,1942-06-26
141,Jeffrey,Watkins,jeffreywatkins@example.com,5263401860,8121 Marissa Pass Apt. 238,South Tinashire,TN,71928,1960-08-18
142,Patricia,Brooks,patricia_brooks@gmail.com,3069180194,9205 Brown Spring Apt. 550,West Jamesville,WY,97719,1950-02-21
143,Courtney,Williams,courtneyw@yahoo.com,4760144495,85562 Stacey Locks Suite 714,Wallaceport,FM,24907,1953-07-26
144,Lisa,Goodwin,lisa.goodwin33@outlook.com,5807753396,32468 Ramirez Inlet,New Larry,UT,35162,2007-05-10
145,Jesse,Long,jesse_long@yahoo.com,3471713895,1520 Rodriguez Forks Suite 452,Sharonbury,WY,22100,1998-10-22
146,Shelley,Peterson,shelleypeterson@example.com,8477848569,514 Poole Springs Suite 110,Lake Christopher,ID,91081,1976-05-23
147,Jeffrey,Neal,jneal@outlook.com,3408065885,04307 Hernandez Village Apt. 936,West Brookebury,AR,46242,1960-07-07
148,Michael,Macdonald,michael_macdonald@yahoo.com,9528856544,496 Wilson Brooks,North William,NM,97658,1967-12-02
149,Nancy,Berg,nancy.berg@outlook.com,8242614402,35324 Michelle Oval,Watsonborough,ME,83218,1953-04-14
150,Eric,Anderson,eric.anderson@gmail.com,1096352618,47341 Leslie Extensions Suite 367,Meganland,PR,23061,2004-09-30
151,Sabrina,Johnson,sabrinaj@gmail.com,5197638532,18720 Lewis Ports Apt. 286,New Beth,PA,25834,1965-03-22
152,Stephen,Black,stephen.black@gmail.com,9220124489,87737 Stephen Estate Suite 096,Lake Kimberlyside,OR,39544,1960-12-06
153,Albert,Morrison,amorrison@gmail.com,2322483302,9469 Hicks Rue,South Paula,CA,38175,2004-11-10
154,Tina,Mahoney,tina.mahoney91@gmail.com,1852558408,4993 Mark Estate Apt. 593,South Cheryl,KY,35411,2003-01-10
155,Jacob,Montoya,jacob.montoya@outlook.com,2759307840,442 Caroline Station,Harrismouth,KS,19118,1965-05-26
156,Wanda,Bridges,wanda.bridges40@outlook.com,1334826014,8046 Smith Terrace,Doylestad,MO,50299,1949-09-18
157,Heidi,Figueroa,heidifigueroa@yahoo.com,2196765627,372 Ricardo Centers,North Devonfurt,OR,00721,1947-11-18
158,Julia,Cole,julia_cole@outlook.com,5699998992,948 Eugene Inlet,Laceyshire,WA,18376,1949-07-26
159,Christina,Glass,christina_glass@example.com,9707344138,0826 Gutierrez Manors,Cooperfurt,UT,98199,1987-08-24
160,David,Johnson,davidj@outlook.com,4243086688,8750 Garrett Rest,Paulborough,AR,51429,1961-05-27
161,Savannah,Nguyen,savannah.nguyen@yahoo.com,9234305205,38709 Courtney Pike,New Amberton,OR,08180,1986-06-20
162,Allison,Ramirez,allison.ramirez@outlook.com,1621134030,74303 Edward Brooks,Cherrychester,PR,99921,1955-08-14
163,Brittney,Gray,brittney.gray74@example.com,1124742432,3316 Clements Spur,North Aaronstad,ME,22699,1946-06-23
164,Andrew,Maxwell,andrew.maxwell@outlook.com,4675021760,0137 Susan Valleys,South Laurieport,MS,27091,2006-03-12
165,April,Wright,april.wright@yahoo.com,9647474133,54657 Elizabeth River Suite 865,Allisonchester,NJ,31570,1963-11-11
166,Kimberly,Hughes,khughes@gmail.com,5931738281,08711 Turner Ports Suite 348,Collierberg,MI,09320,1996-10-15
167,Samuel,Carroll,samuel.carroll20@gmail.com,6386866584,8180 Mccullough Knolls Apt. 802,Lake Emilymouth,AZ,75122,1976-07-26
168,Tammie,Mcdonald,tammiemcdonald@yahoo.com,2794788839,00667 Johnson Street,Christinamouth,VI,20648,2006-01-30
169,Jessica,Taylor,jessica.taylor@gmail.com,6854532231,28843 William Expressway Suite 858,Darrelltown,CA,31246,1968-07-10
170,Harold,Hudson,harold.hudson44@gmail.com,8874141110,862 Douglas Mews Apt. 499,Port Mary,DE,01995,1975-06-15
171,Chelsea,Davis,chelsea_davis@yahoo.com,2624352465,2736 Schultz Neck Suite 137,East Dennis,PA,74359,1955-10-16
172,Sharon,Wright,sharonw@yahoo.com,1212066846,193 Hoover Manor Apt. 372,Sanchezshire,OK,24495,2000-02-26
173,Michael,Combs,michael_combs@example.com,4091142870,4139 Schwartz Causeway,Port Eric,IA,46381,1982-01-08
174,Michael,Simmons,michael.simmons26@outlook.com,0671404755,52384 Katherine Manors Suite 315,West Tommy,OK,20407,2007-03-08
175,Steven,Taylor,steventaylor@gmail.com,8796507616,0549 Sarah Common Apt. 911,Port Claudiaside,MI,58020,1952-04-28
176,Margaret,Smith,margarets@yahoo.com,5088544800,9359 Taylor Island,Timothychester,NC,11755,2003-06-27
177,Michael,Delgado,michael.delgado@yahoo.com,9740668547,56418 Daniel Crescent,Harrisside,AS,73934,1941-10-15
178,Mary,Stark,marys@gmail.com,0439599494,96854 Faith Meadows,Nguyenmouth,MS,34065,1977-03-13
179,Gina,Ortiz,ginaortiz@gmail.com,9084159613,797 Robinson Prairie,Garciashire,GA,07079,1945-07-03
180,Yolanda,Holland,yolanda.holland@gmail.com,8208587504,705 Karen Spring,Guerrerohaven,AR,08788,1989-09-12
181,Kyle,Park,kyle.park@example.com,7450563229,802 Rivera Meadows Apt. 618,Whiteburgh,MA,47193,1995-09-08
182,Maria,Romero,maria.romero98@yahoo.com,6500310750,01989 Wilson Inlet Apt. 781,New Matthew,CO,72201,1962-07-16
183,Russell,Clayton,russell.clayton95@example.com,4514633458,94977 Sanders Summit,Brendahaven,FM,55992,1972-11-03
184,Jeffrey,Graham,jeffrey_graham@example.com,0644590455,5231 Jennifer Coves Apt. 953,Salasfurt,AK,39110,2006-11-17
185,Alexis,Ramirez,alexis.ramirez97@outlook.com,6497128119,20169 Bradley Spurs,South Anita,GU,42123,1982-03-06
186,Donald,Smith,dsmith@example.com,6303296209,52789 Smith Isle,Frankstad,VI,62054,1999-02-14
187,James,Harris,james.harris57@yahoo.com,8561034950,093 Vanessa Circles Suite 858,Traceyton,MT,13642,1940-10-07
188,Mark,Herman,mark_herman@example.com,6222562109,65571 Nelson Forges Suite 809,Port Sandra,OK,17453,1988-11-28
189,Zachary,Williams,zachary_williams@example.com,6552519742,65039 David Haven,West Chad,NJ,68127,1988-04-07
190,Gregory,Jennings,gregory.jennings@outlook.com,4565895178,64119 Courtney Wells Suite 300,East Dawnmouth,WI,75370,1997-05-28
191,Janet,Nolan,janetn@gmail.com,4131205452,280 Melissa Flats Apt. 479,Derekbury,MO,92480,1977-04-20
192,David,Saunders,david.saunders30@example.com,6106205381,94880 Helen Shore,Lake Robertburgh,SD,78287,2002-08-17
193,Zachary,Yoder,zyoder@gmail.com,7246911440,2114 Richardson Curve,New Thomaschester,OH,90579,1998-09-27
194,Paul,Sims,paulsims@gmail.com,7338048877,4003 Melanie Spring Suite 420,Donnaville,VA,73871,1962-02-17
195,Chad,Price,chad_price@yahoo.com,1221072343,90427 Kristen Road,North Taylor,OR,94799,1971-04-03
196,William,Phillips,william.phillips@example.com,9589472191,58362 Johnson Passage Apt. 258,West Emily,WY,40571,1963-03-16
197,Amy,Scott,amy.scott@yahoo.com,3049546617,11308 Andrews Glen,Port Philip,KY,32078,1990-01-09
198,Charles,King,charlesk@yahoo.com,3280314632,0369 Ashley Oval,Jonesfort,NE,11912,2001-10-12
199,Victor,Johnson,victorj@outlook.com,9797238698,70410 Richardson Forges Suite 201,Lopezton,FM,07668,1987-07-01
200,John,Ruiz,johnruiz@outlook.com,7709160858,06037 James Keys Apt. 078,Fergusonview,UT,20844,1949-02-08
201,Collin,Wilson,collinwilson@example.com,9533936851,4851 Douglas Mill Suite 120,East Ruben,WY,17394,1981-03-27
202,James,Clark,jamesclark@gmail.com,1501605166,3801 Karen Turnpike Suite 882,Anntown,NM,55157,1990-03-20
203,Amy,Gonzalez,amy_gonzalez@outlook.com,6114547188,48115 Brady Squares,Reginamouth,NJ,13546,1945-09-23
204,Anthony,Thompson,anthony.thompson26@gmail.com,2125150539,844 James Island Apt. 058,Jimmyton,ID,67730,1977-05-05
205,Jeremy,Kelley,jeremy_kelley@yahoo.com,0577016458,9987 Lopez Shoals,Gilmoreshire,PR,81556,1999-02-15
206,Robert,Robles,robert_robles@yahoo.com,0770567418,56311 Donald Port,New John,MO,04623,1996-11-21
207,Alexander,Flores,alexanderflores@gmail.com,2022160485,5975 Megan Land Apt. 341,Lake Samuelmouth,CO,68419,1997-06-25
208,Andrea,James,andreaj@outlook.com,1979062742,195 Bryant Terrace,Port Nicholas,DC,92625,2003-07-15
209,Deborah,Manning,deborah.manning57@yahoo.com,9241128866,01778 Melissa Port,Wattsshire,NY,09956,1946-06-23
210,David,Johnson,david.johnson86@yahoo.com,3215181141,0805 Collins Oval,South Calebfort,UT,10521,2005-03-20
211,Elizabeth,Phelps,elizabethp@yahoo.com,4396757287,52260 Deanna View Apt. 762,West Madison,VA,13680,1988-07-29
212,Kathleen,Massey,kathleenm@example.com,9426715234,36465 Richard Trail,Strongburgh,IL,81038,1960-05-12
213,Aaron,Hartman,aaronh@gmail.com,4027399385,78703 Kimberly Vista Apt. 830,East Steventown,OK,36404,1965-03-29
214,Ellen,Stephenson,ellens@gmail.com,4785480957,2436 Vincent Forks Apt. 269,Lake Ricardoville,IA,22671,1967-01-12
215,Matthew,Torres,mtorres@example.com,6853240353,66489 Robin Flats,Jacobview,HI,06390,1940-09-12
216,Joyce,Collins,joyce.collins@yahoo.com,2349967189,97353 Mccormick Villages Apt. 464,Port Joycemouth,OH,27587,1958-03-07
217,Alison,Johnson,ajohnson@example.com,0524777875,65656 Courtney Stream Apt. 289,Kevinside,NH,37360,1962-12-10
218,Eric,Price,ericprice@example.com,5537220884,951 Rodriguez Stream,Dillonhaven,TN,81845,1948-02-21
219,Melissa,Christensen,melissac@yahoo.com,1437405231,3515 Karla Streets Apt. 586,South Jeffery,KS,85144,1968-06-15
220,Peter,Taylor,petertaylor@yahoo.com,5309042270,1614 Lauren Plains Suite 906,North Suzanne,LA,83206,1970-05-28
221,Mark,Dixon,mark.dixon@example.com,8874802055,8172 Lisa Brooks,Lake Ashley,NH,39354,1957-04-19
222,Jose,Johnson,jose_johnson@outlook.com,3906435726,89965 Marc Orchard,Port Jamesmouth,UT,49219,1956-08-01
223,Katie,Smith,katie_smith@example.com,3239172285,388 Levi Forge,Kevinbury,FM,49769,1996-12-02
224,Victoria,Robinson,victoria.robinson@outlook.com,4795128693,50345 Curtis Skyway Apt. 252,Derrickview,NH,73149,1970-05-09
225,Tonya,Hernandez,tonyahernandez@gmail.com,0274770956,21990 Torres Greens,Jimview,AL,88196,1971-03-21
226,Wesley,Love,wesley.love@yahoo.com,3770651938,416 John Courts Suite 548,New Katie,PW,82053,1959-09-10
227,Travis,Thomas,travisthomas@gmail.com,1274177529,953 Johnson Stravenue,Nathanside,LA,33508,1942-03-25
228,Amanda,Armstrong,amandaa@yahoo.com,8233827922,408 Danielle Burg Apt. 766,Deannahaven,OR,99411,1966-12-31
229,David,Huff,davidh@outlook.com,4023275575,081 Rachael Isle Apt. 084,Jeffersonmouth,KY,30822,1947-06-24
230,George,Arnold,george.arnold17@yahoo.com,4074217546,535 Wesley Pass,Port Loganborough,NY,42294,1944-05-24
231,John,Miller,johnmiller@gmail.com,2492993407,58732 Kim Oval,South Stephanie,DC,46464,1955-04-19
232,Tina,Martin,tina.martin68@example.com,3120846120,646 Amanda Creek Suite 199,Lake Jason,MS,18142,1978-11-02
233,Megan,Kim,megan.kim@example.com,4299080415,24240 Penny Land,Port Adammouth,PR,34023,1944-12-15
234,Richard,Blair,richard.blair@gmail.com,1536413519,706 Beasley Locks Apt. 472,South Robinberg,LA,30366,1989-01-23
235,Michelle,Martinez,mmartinez@gmail.com,0377151086,89835 Elizabeth Lodge Suite 397,East Pennyview,VT,81439,1960-11-23
236,Kayla,Porter,kaylaporter@gmail.com,8698518204,85142 Teresa Prairie Suite 688,Collinsstad,VT,30922,1951-07-16
237,Jessica,Fuentes,jessicafuentes@gmail.com,6232879533,552 Jeffrey Lakes,New Ethan,VT,96951,1997-06-22
238,Janet,Castro,janet.castro32@yahoo.com,1920260200,058 Cuevas Island Suite 027,Adamsfort,ID,64141,1988-03-08
239,Christina,Mitchell,cmitchell@outlook.com,4724684060,886 Woods Village Apt. 122,Johnsonborough,PA,26168,1945-01-19
240,Adam,Palmer,adam.palmer80@example.com,8436154556,01455 Gloria Cove,South Laura,AK,30672,1942-09-06
241,Kellie,Dominguez,kellie_dominguez@yahoo.com,2631028275,0827 Callahan Branch,South Christopherland,PR,77712,1973-12-07
242,Joshua,Hughes,joshua.hughes36@gmail.com,4426446530,78794 Hale Pine Apt. 100,Rogerside,MH,19779,2001-08-02
243,Michelle,Wright,michellewright@outlook.com,4166926433,26589 Brooke Road,West April,SD,68040,1964-07-13
244,Austin,Rodriguez,austin.rodriguez19@example.com,1905323897,34673 Allen Trafficway,Gibsonfort,OR,84930,1981-01-15
245,Kyle,Jenkins,kyle.jenkins@gmail.com,9387799747,7510 Butler Mount,North Cynthiafort,OR,32490,1991-03-05
246,Dustin,Clayton,dustin.clayton@yahoo.com,4505126469,29608 Katherine Estates Suite 479,Millsbury,AZ,14873,1949-01-30
247,Dawn,Pitts,dpitts@outlook.com,5762052264,77481 Debra Ford,Garciamouth,AS,21244,2001-06-01
248,Jennifer,Martinez,jenniferm@example.com,0339261083,3347 Barker Extension,Velasquezborough,PW,57717,1969-04-17
249,Michael,Garza,michael.garza20@example.com,5103217571,31836 Pruitt Turnpike Suite 504,North Kimberlybury,ND,73525,2006-05-29
250,David,Willis,davidwillis@example.com,6610085018,8598 Hancock Points,Lake Amy,TN,38883,2000-02-12
251,Richard,Smith,richard.smith72@example.com,8139891956,99105 Jeffrey Courts,Darrenside,AR,48647,1972-05-15
252,Tyler,Perez,tylerp@example.com,4362379481,08085 Joan Drives,Jamesmouth,RI,10349,1981-11-08
253,John,Norman,johnn@example.com,1862667539,7412 Melissa Ridges Suite 628,Brownfort,WI,16429,1993-08-07
254,Beth,Williams,beth_williams@yahoo.com,5006160721,85048 David Gateway,Thompsonborough,WI,49744,1965-08-02
255,Jasmine,Cox,jcox@outlook.com,9256822783,61028 Traci Mountain Apt. 883,Jonesstad,NH,35126,1960-09-05
256,Michael,Jones,michaeljones@example.com,9559832922,050 Christine Roads,New Tammie,KY,94452,2001-01-18
257,Joshua,Chase,joshuachase@outlook.com,4723479858,1547 Wright Trace,North Teresaton,DC,02284,1984-12-11
258,Julie,Fitzgerald,julie.fitzgerald@example.com,5842171260,32337 Samuel Light Apt. 150,Jenniferview,NJ,56769,1948-02-22
259,Troy,Johnson,troy.johnson@example.com,7248857964,63658 Bryan Ferry,New Marcus,VA,54353,1970-03-24
260,Judy,Gonzalez,judygonzalez@example.com,7149368278,280 Kristen Road,New Anna,ND,64181,1998-01-11
261,Benjamin,White,benjamin.white@example.com,7470827468,720 Lauren Tunnel Suite 426,Port Elizabeth,MP,60387,1943-06-04
262,Nicole,Gonzalez,nicoleg@gmail.com,1080699419,424 Williams Route Suite 744,Whiteton,KY,25058,1951-09-10
263,Kim,Davis,kim.davis77@gmail.com,5132233944,809 Berg Way Suite 073,South Annburgh,NM,29760,2005-01-29
264,David,Levy,dlevy@gmail.com,0840298349,0815 Joel Estates,North Georgeberg,GA,15032,2006-11-23
265,Amy,Armstrong,amy.armstrong79@example.com,4433131668,78631 Yvonne Spur Apt. 422,Nelsonview,NC,83956,1961-01-19
266,Christopher,Boyd,christopher.boyd@outlook.com,1926942803,59464 Young Unions Apt. 408,Sophiastad,VA,64158,1965-11-18
267,Rhonda,Fuentes,rhondaf@example.com,5342862726,57329 Eric Junction,West Andrewfurt,WY,92815,1970-05-08
268,Renee,Bonilla,reneebonilla@example.com,0138624807,285 Jamie Mission Apt. 741,New Frank,OK,88313,1978-09-04
269,Johnathan,Valencia,johnathanv@outlook.com,2841000281,13738 Davies Loop,Kennethstad,DC,60887,1983-10-14
270,Loretta,Meyer,lorettameyer@gmail.com,8501422005,37778 Chelsea Pine Apt. 566,Ryanstad,CO,87922,1987-04-11
271,Teresa,Murray,teresamurray@example.com,0905821700,252 Kelley Overpass,Lake Ronald,NY,16378,1966-04-12
272,Regina,Medina,regina_medina@example.com,3943715995,954 Travis Groves,Sullivanburgh,TX,49804,1972-01-20
273,Charles,Moreno,charles.moreno31@example.com,4029643235,735 Meyer Streets Suite 612,Doyleborough,AS,68766,2007-09-30
274,David,Clark,davidc@gmail.com,9289709590,205 Wright Trace Suite 038,West Richard,MN,08418,1982-07-18
275,Sara,Salas,sara.salas@outlook.com,5515143623,381 Johnston Lane Suite 820,Fergusonhaven,NE,16029,1943-10-10
276,Janet,Williams,janetw@outlook.com,5762002020,84093 Joseph Centers Suite 203,Fieldsville,ND,65554,1978-05-30
277,David,Powell,dpowell@gmail.com,6995041634,03513 Torres Throughway,Melissaport,NE,06880,1969-09-26
278,Natalie,Werner,natalie.werner@yahoo.com,7090330813,03414 Tyler Lane,North Susan,ME,05682,1967-01-06
279,Elizabeth,Blackburn,elizabethblackburn@yahoo.com,7953584443,63938 Dylan Lane,Michaelstad,CO,05277,1966-12-02
280,Cassandra,Charles,cassandra_charles@example.com,9537815484,40758 Lambert Dam,Pinedabury,KS,80083,2001-07-16
281,Christina,Barnes,cbarnes@yahoo.com,4543933057,6828 Riggs Street,Michaeltown,IA,79057,1940-08-31
282,David,Woodward,davidwoodward@gmail.com,6747650608,23798 Amanda Fort Suite 617,New Laura,IN,49353,1995-10-23
283,Timothy,Taylor,timothytaylor@outlook.com,4365756123,2942 Rogers Estates,South Elizabethville,AR,61817,2008-03-27
284,Samuel,Willis,samuel.willis75@example.com,0526522514,939 William Tunnel Apt. 357,Kimberlystad,OK,36984,1952-11-22
285,Taylor,Butler,taylor_butler@gmail.com,2148504873,34699 Melinda Dam,Mccormickshire,NE,08306,2003-06-13
286,Rita,Miller,ritam@yahoo.com,6352199256,2689 Stacey Estate,South David,IN,92828,1941-11-21
287,Kimberly,Nicholson,kimberlynicholson@example.com,8277393162,7667 Elizabeth Mall,East Kristinborough,IN,97201,1961-05-11
288,Ruben,Miller,ruben.miller75@gmail.com,3483512936,8700 Jennifer Islands,Christianberg,KY,97345,1950-02-01
289,Scott,Evans,scott_evans@example.com,7643549221,9493 Webster Motorway,Brettburgh,TX,83284,1942-04-23
290,Sarah,Oconnor,sarah.oconnor@yahoo.com,3917169192,40884 Nichols Manor Suite 167,South Jennifer,MH,45944,1981-09-16
291,Joshua,Jones,joshua.jones81@yahoo.com,2001633616,256 Reed Loop,South Ronaldstad,FM,14712,1992-08-15
292,Dennis,Kirby,dkirby@gmail.com,1789692759,978 Montes Bypass,South Valerie,PW,64875,1970-02-17
293,Amy,Mckenzie,amckenzie@gmail.com,1435595801,1623 Lopez Forest Apt. 986,Davidfurt,AL,68014,1945-12-29
294,Rachel,Carter,rachel.carter94@yahoo.com,5764057072,4757 Fuentes Valleys,Mariechester,AK,68398,1950-01-14
295,Kristen,Horn,kristen_horn@gmail.com,4574799543,8803 Larry Walks Apt. 244,East Catherine,CA,50136,1980-05-19
296,Julie,Pennington,juliepennington@gmail.com,0095821608,690 Wu Lock Suite 807,East Joseph,TN,39521,1953-09-09
297,Jason,Smith,jason.smith@yahoo.com,1521480319,82783 Payne Underpass Apt. 610,Sarahville,GA,50592,1947-04-24
298,Rebecca,Newton,rebecca.newton40@yahoo.com,6107611235,74490 Barbara Oval Suite 148,South Charles,MT,65400,1992-06-10
299,Brandon,Mullen,brandon.mullen50@example.com,9493206367,958 Philip Lights Apt. 672,Foxbury,GA,08358,1966-07-13
300,Frederick,Wells,frederick.wells59@yahoo.com,5289020707,722 Matthew Gardens,North Eric,OK,27859,1976-10-12
301,Carrie,Collins,carriecollins@yahoo.com,1286571464,1947 Burns Extension Apt. 062,New Annaburgh,IL,37851,1960-03-14
302,Heidi,Gutierrez,heidigutierrez@example.com,0246658733,45021 Mitchell Landing,South Trevorberg,WI,98135,1948-01-12
303,Andrew,Johnson,andrew.johnson88@example.com,3076928998,34425 Wendy Plains,Williamsbury,GU,40427,2005-08-11
304,Sherry,Gibson,sherry.gibson@yahoo.com,5651324638,849 William Parkways,West Jill,SD,67147,1947-11-30
305,Matthew,Jenkins,matthew.jenkins@example.com,8788143316,44851 Conner Hills Apt. 980,Leeland,IL,43162,1997-02-10
306,Tina,Barnes,tina.barnes@example.com,8167807632,58374 Sean Drive Suite 421,Jasonstad,HI,82719,1950-03-28
307,Anthony,Hawkins,anthonyh@outlook.com,7744310734,08601 Martinez Harbors,West Xaviermouth,WY,34627,1991-04-18
308,Michael,Barnes,michaelb@outlook.com,8240084986,324 William Plaza Apt. 288,East Sarah,NY,15380,2001-01-23
309,James,Wagner,james.wagner@example.com,6184366003,5455 Justin Ford,West Shawn,IN,87114,1991-07-10
310,Jessica,Hall,jhall@example.com,5556969522,9342 Mason Stravenue Apt. 772,Mezatown,WY,41352,1940-11-27
311,Rebecca,Smith,rebeccasmith@yahoo.com,7864703597,635 Stephanie Walks Apt. 022,South Joshua,FL,10136,1993-11-30
312,Stephanie,Howell,stephanie_howell@yahoo.com,2887860961,4238 Fuller Lane Apt. 245,Lake David,IL,39655,1950-06-15
313,Rhonda,Johnson,rhonda_johnson@gmail.com,4448089744,553 Anderson Islands Suite 041,New Walter,NJ,84668,1968-04-05
314,Kathleen,Carey,kathleen_carey@gmail.com,2427411697,389 Jessica Lodge Apt. 552,Raymondland,MN,84876,1945-09-24
315,Timothy,Davis,timothy_davis@gmail.com,1794590721,713 Bean Village,North Erikaville,VI,66941,1983-07-13
316,Destiny,Gonzalez,destiny.gonzalez32@example.com,7651184765,5751 Kathy Green Suite 125,Roymouth,PA,67375,1985-01-07
317,Anna,Cuevas,annacuevas@yahoo.com,5693416995,9335 Melissa Field,South Jillianland,LA,03070,1986-12-20
318,Jeffrey,Tate,jeffrey_tate@gmail.com,5986836080,7717 Matthews Court Suite 476,Rebeccaberg,CO,27183,1960-05-17
319,Lisa,Maxwell,lisamaxwell@yahoo.com,8480539613,4144 Diane Ridge Suite 637,Jasonview,WV,47069,1947-04-25
320,Brian,Reilly,brianreilly@yahoo.com,0212899999,5646 Frazier Vista Apt. 479,Lambertbury,IN,54373,1993-06-26
321,Steven,Morrison,steven_morrison@gmail.com,2525426300,55949 Russell Turnpike Suite 441,New Shaneburgh,AR,53410,1970-12-29
322,Carrie,Barker,carriebarker@yahoo.com,6761259632,35864 Mckenzie Forks Suite 737,Lauraton,NM,79847,1966-02-18
323,Kevin,Williams,kevin.williams36@example.com,5545254385,31613 Williams Fall,Kirbyview,AR,49757,1952-07-12
324,Steven,Sanchez,steven_sanchez@example.com,3348611511,8555 Mark Trail,North Jenniferview,GA,02915,1959-03-12
325,Toni,Moore,tonim@example.com,6251961483,969 Deborah Meadows,Andersonstad,FM,19604,1972-11-13
326,Lisa,Thomas,lthomas@yahoo.com,0923990396,40526 Grant Extensions Suite 291,New Robert,WA,44557,1950-03-05
327,James,Nguyen,james.nguyen83@outlook.com,1358402835,4536 Mallory Corner Suite 333,South Joe,MT,55600,2006-03-18
328,Richard,Turner,richard.turner@outlook.com,0227830676,836 Thomas Keys Apt. 730,Angelicaville,AZ,45735,1987-03-06
329,Margaret,Martinez,margaret.martinez@outlook.com,6302896780,2644 Espinoza Expressway,Blanchardland,TN,80941,1946-03-30
330,Harold,Pham,harold.pham@yahoo.com,2922795387,50681 Williams Trafficway Suite 085,Reyesbury,IL,37023,1944-02-24
331,Heather,Rodriguez,heatherrodriguez@example.com,2717323533,759 Cline Mountain Suite 650,Nicholasland,KS,30396,2003-11-24
332,Daniel,Miller,dmiller@gmail.com,7168865006,15798 Wallace Bridge Apt. 705,Markstad,PR,15192,1958-05-27
333,Mark,Barajas,mark.barajas@gmail.com,6823576019,7823 Huber Vista Suite 231,Aaronfort,MN,38213,1942-07-18
334,Thomas,Harrington,thomas.harrington67@outlook.com,8271037829,972 Hobbs Club,Lake Zachary,MO,08117,1978-07-15
335,Carlos,Henderson,chenderson@outlook.com,0879407312,39952 Amy Lodge,Port Bradley,MD,58157,1976-06-12
336,Monica,Baker,monica.baker35@yahoo.com,3182693926,95737 Richard Union Suite 095,Stewartport,WA,21182,2002-01-28
337,Angelica,Scott,angelicas@outlook.com,0481826259,16917 Frank Unions,North William,MD,52624,1985-05-26
338,Scott,Mathis,scott_mathis@example.com,4101491282,62766 Ward Square,Michaelmouth,NH,16704,1972-08-21
339,Robert,Howell,robert.howell62@yahoo.com,7516292500,551 Stephen Isle,Moralesberg,NJ,77917,1967-09-30
340,Jose,Mitchell,josemitchell@example.com,1738553786,853 Yang Centers,Rowlandport,NE,37452,1971-10-03
341,Cynthia,Hayes,cynthia.hayes55@gmail.com,4838725993,68252 Michael Shoal,Kayleebury,CO,68600,1978-11-03
342,John,Mason,john.mason68@gmail.com,3453125763,7564 Humphrey Skyway Suite 354,Kevinland,KY,66480,2003-11-01
343,Mark,Shelton,mark_shelton@yahoo.com,5160494377,21068 Lindsey Viaduct Suite 568,Jamieside,IN,37487,1993-10-13
344,Anna,Sloan,anna.sloan25@example.com,3427413861,9117 Duarte Walks Suite 081,North Harryfurt,DE,17552,1964-12-19
345,Max,Green,max.green50@example.com,4917796967,46993 Young Avenue,New Karen,OR,93086,1987-03-13
346,Donald,Ellis,donaldellis@yahoo.com,4199997328,9489 Brandon Drives Suite 399,Cassidyville,OR,10653,1952-09-27
347,Amber,Johnson,amber.johnson19@outlook.com,9519360187,036 Debbie Village,New Billymouth,ID,98569,1952-11-21
348,Samantha,Ray,samantha.ray@yahoo.com,0201499250,92325 Timothy Rue,West Brendamouth,IN,40002,2007-10-09
349,Ricardo,Salazar,ricardo.salazar91@gmail.com,5421113304,229 Kevin Cape Apt. 186,North Yolandaview,IL,41196,1955-11-18
350,Preston,Gordon,preston_gordon@example.com,1152755784,2233 Carrillo Valleys Suite 908,Rochafurt,WI,66525,2000-05-04
351,Joseph,Stevens,joseph.stevens@gmail.com,9938309553,84095 Cruz Roads,Nashshire,MN,27256,1969-03-16
352,April,Marks,amarks@yahoo.com,6804483261,550 Brown Brooks Apt. 886,South Matthew,SD,37209,1961-10-18
353,Christine,Dalton,christine_dalton@example.com,8517666694,4079 Jenna Islands,Jessicafurt,KS,90548,1968-07-06
354,Eric,Andersen,ericandersen@yahoo.com,0745006368,040 Michael Mews,North Samanthahaven,CA,15304,1951-05-06
355,Kathryn,Stafford,kathryn.stafford72@yahoo.com,6059520753,7584 Anthony Hollow Apt. 590,Bushborough,NV,97116,1965-04-14
356,Sharon,Mack,sharonm@yahoo.com,9618833196,0936 Vance Summit,Lake Jadehaven,NC,92659,1983-07-05
357,Wendy,Hill,wendyhill@outlook.com,1198429103,31965 Harris Path Apt. 213,Travisland,MN,01855,1973-12-18
358,Linda,Mclean,linda.mclean@yahoo.com,9690650041,65531 Velez Circles Suite 195,Danielview,OK,98722,1972-07-07
359,John,Lewis,jlewis@outlook.com,8773674648,7007 Kelly Roads,North Shawnshire,SC,58135,1976-05-06
360,William,Gordon,williamgordon@gmail.com,4132729254,82589 Martinez Mills Suite 487,West David,WI,43302,2007-11-17
361,William,Wagner,wwagner@yahoo.com,0409739363,81544 Chung Ranch Suite 697,Darryltown,CA,47218,1983-09-29
362,Jennifer,Randall,jennifer.randall@example.com,6557253761,275 Sanders Plains,Chandlerberg,SD,82652,1989-03-17
363,Samantha,Lopez,slopez@example.com,8320527921,512 Steele Brook Apt. 663,East Markstad,SC,92368,1996-09-11
364,Tyler,Davis,tyler.davis87@outlook.com,0655538917,792 Angela Pass Apt. 278,South Rachael,MI,54400,1958-12-05
365,Michael,Garza,mgarza@gmail.com,8670312919,4196 Gould Ways Suite 762,Hillberg,CT,79453,1998-03-28
366,Andrew,Simmons,asimmons@yahoo.com,0282609146,38531 Tony Mount Apt. 347,Castrotown,TN,48848,1971-02-25
367,Sherry,Davis,sherrydavis@yahoo.com,0630858781,47166 Krause Keys,Lake Scott,NE,94768,1970-05-08
368,Stephanie,James,stephanie.james@yahoo.com,1667769666,75338 Hayden Glen,Robinshire,CO,42628,1951-10-31
369,Holly,Brown,holly_brown@outlook.com,1227588469,79020 Chavez Ports Suite 152,Joneschester,AL,01341,1951-06-24
370,Stacy,Knight,stacy.knight@outlook.com,7323106719,1695 Gonzales Parkways Suite 530,Lake Richardshire,PA,01372,1948-08-15
371,Paul,Roberts,paulr@yahoo.com,6223556029,411 Fisher Prairie,Coreytown,IA,31788,1996-07-24
372,Catherine,Bass,catherine.bass70@example.com,4961913768,3002 Fernandez Green Apt. 364,East Jameschester,ND,86185,1986-04-30
373,Sandra,Watts,sandra_watts@yahoo.com,5463175224,740 Francisco Roads,Rebeccafort,CO,01907,1969-02-12
374,Emily,Adams,emily.adams89@outlook.com,1015735445,5997 James Path,Lake Aliciastad,MH,92801,1982-08-28
375,Joshua,Bell,joshua.bell29@outlook.com,9763418605,35682 James Mall Suite 878,Alexton,NE,32758,1956-11-29
376,Julie,Jones,juliej@example.com,6203053445,49823 Solis Dam,New Adam,WA,06578,1958-11-28
377,Timothy,Stevens,timothy_stevens@yahoo.com,6269856020,92731 Stephens Loaf Suite 219,Leemouth,DE,52560,1947-02-22
378,Michelle,Nielsen,michelle_nielsen@example.com,7849310295,0262 Ford Roads,Michelleburgh,MT,74114,1981-08-01
379,Karen,Baxter,karen.baxter37@yahoo.com,8852036581,172 Christopher Circle,Richmondshire,UT,34697,2005-12-21
380,Melissa,Mccall,melissa.mccall@yahoo.com,3417166060,1394 Jessica Freeway Apt. 833,Cruzfort,VI,58918,1955-06-28
381,Ruben,Allen,rubenallen@yahoo.com,8849488703,84069 Valerie Station Apt. 057,Nancymouth,NV,70202,1975-06-07
382,Nicholas,Hunt,nicholas.hunt@yahoo.com,7261966291,59111 Brian Mills,Lake Melanie,MT,49493,1946-02-05
383,Nicholas,Miller,nicholasm@example.com,8725604366,34095 Donna Estate,Sarahside,KS,08915,1991-12-31
384,Mary,Mckinney,mary_mckinney@outlook.com,0851671593,01666 Anderson Lights,Curtishaven,CO,66883,1957-10-07
385,Rebekah,Tyler,rebekahtyler@example.com,2583651233,837 Eric Burg Apt. 725,Kellyburgh,AZ,15964,1989-04-14
386,Lauren,Johnson,laurenjohnson@yahoo.com,6329628995,32378 Catherine Ridges,Markchester,LA,37224,1974-11-25
387,Amy,Miles,amy_miles@outlook.com,1982411463,21189 Johnson Square,New Kim,IL,19290,1990-09-14
388,Tina,Scott,tina_scott@gmail.com,2904670322,591 Eric Manor,Lake William,FL,74546,1976-10-14
389,Luis,Hamilton,luis.hamilton53@outlook.com,0513332826,3181 Linda Park,New Brandon,ME,83560,1999-08-29
390,James,Norris,james.norris@gmail.com,8078799766,52827 Smith Expressway,Danielchester,FM,11946,1947-12-28
391,Michael,Golden,michaelgolden@example.com,7851298612,383 Rebecca View Suite 225,New Paulchester,NC,43020,1957-08-24
392,Abigail,Martinez,abigailm@yahoo.com,3065417618,6064 Marissa Burgs,Lake Michelleview,UT,06128,1983-04-27
393,Cindy,Gregory,cindy.gregory70@example.com,4553522202,493 Kelly Walk Apt. 029,Jeffreybury,ME,36074,1948-08-30
394,Andrea,Evans,andrea.evans@gmail.com,6459986986,332 Kristin Row Suite 704,New Arthurview,NC,32639,1947-09-25
395,Carolyn,Brown,carolyn.brown@gmail.com,1216159113,3586 Matthew Wells,West Mitchellburgh,CA,99599,1970-10-06
396,Kenneth,Burns,kennethburns@yahoo.com,9480180171,00606 Amy Cape Apt. 153,Perryshire,NY,34816,1987-01-30
397,Courtney,Booth,courtney.booth@yahoo.com,4074128755,48654 Wilson Mission,Russellchester,AZ,73923,1971-08-21
398,Nicholas,Callahan,ncallahan@yahoo.com,0894134327,28689 Jones Expressway Suite 646,Michaelview,CO,84317,1958-02-01
399,Amy,Smith,amy_smith@yahoo.com,4954191962,7579 Burke Way Suite 675,West Sarah,WI,53430,1945-12-17
400,Ryan,Young,ryan.young74@outlook.com,2765030451,20825 Rodriguez Creek Suite 191,Jeffreybury,GA,07158,1949-02-19
401,Christopher,Norman,christopher.norman@yahoo.com,3926552281,30401 Tran Center Suite 884,Port Jennifer,MH,21592,1940-08-02
402,Miguel,Clark,miguel.clark@outlook.com,5614084143,388 Peterson Motorway,Joelville,VA,59897,1946-03-21
403,Virginia,Gonzalez,virginiag@outlook.com,6595304431,77132 Browning Ferry Suite 216,East Molly,NH,44206,1991-10-21
404,Angela,Smith,angelasmith@yahoo.com,5998530154,68200 Samantha Stravenue Suite 680,Michelleberg,KS,44696,2007-10-03
405,David,Mckee,david_mckee@outlook.com,3238892910,924 Douglas Burg,Amyfort,SD,61741,1945-08-25
406,Michael,Chavez,michaelchavez@yahoo.com,7668864236,211 Joseph Streets Suite 265,South Matthewchester,KS,81855,1996-07-12
407,Candace,Burnett,candace.burnett@gmail.com,8129515509,0373 John Crest,Pattersonbury,AR,94410,2001-05-02
408,Gary,Villarreal,gary_villarreal@yahoo.com,0554931292,9214 Matthew Heights Suite 603,West Michaelburgh,UT,73173,1970-04-16
409,Dustin,Woods,dustin.woods2@gmail.com,9973349769,6117 Wright Point,Shermanfurt,CT,58197,1955-11-08
410,Joshua,Jones,jjones@outlook.com,0633456018,6997 Griffin Heights Apt. 928,Ramirezburgh,MO,14036,1981-06-04
411,Michelle,Whitney,mwhitney@example.com,7173626597,03284 Aaron Island,Port Miguel,MO,40010,1999-11-26
412,Joseph,Brewer,joseph.brewer@example.com,6623721215,161 Kelly Ridges Suite 612,South Amberchester,AR,70367,1941-02-13
413,Katherine,Torres,katherinetorres@outlook.com,7232461089,5880 Jennifer Mission Apt. 325,Courtneyview,TN,98618,1986-03-28
414,Erin,Maddox,erin.maddox@outlook.com,2065402260,50905 Conway Inlet Apt. 574,Hughestown,VA,72315,1957-03-19
415,Christy,Lucas,christy.lucas51@outlook.com,6402190107,71206 Richard Freeway Suite 644,New Joseph,CO,05859,1948-04-25
416,Nancy,Clements,nancyc@yahoo.com,0184107652,42903 Beverly Parkways Apt. 826,Kellyview,SC,20925,1951-04-07
417,Ashley,Alvarez,ashleyalvarez@example.com,2734015324,038 Wagner Creek Apt. 564,East Danieltown,OH,87839,1945-03-26
418,Michelle,Perez,michellep@gmail.com,0716036725,8222 Stacey Mountains,Krauseshire,VT,35264,1956-03-04
419,Michael,Vasquez,michael.vasquez@gmail.com,6576738986,17501 Rodriguez Club Apt. 275,Smithfort,ID,61388,2005-12-21
420,James,Graham,james.graham@gmail.com,4780070237,23588 Jones Port Suite 824,Robinsonside,OK,06859,1987-07-27
421,Diana,Martin,diana.martin@yahoo.com,3467745333,7587 Waters Point,East David,KY,88168,1961-10-02
422,Aaron,Molina,aaron.molina@yahoo.com,4644501421,96273 Woods Brook,West Amandatown,MT,58139,1981-08-03
423,Gabriela,Ward,gabriela_ward@gmail.com,6157023172,89106 Turner Fall,Watkinsville,VI,39480,1977-11-11
424,Tracy,Bailey,tbailey@gmail.com,5224109884,803 Heather Manor,Jodibury,GU,73854,1948-02-23
425,Carlos,Richardson,carlosr@gmail.com,8164810952,83196 Jackson Trafficway,Armstrongshire,VA,16724,1943-09-22
426,Bryan,Perez,bryan.perez21@outlook.com,8268662260,70908 Dominguez Throughway,South Carlos,NV,83273,1999-11-22
427,Tanya,Wilson,tanya.wilson@yahoo.com,8157950009,034 Brittany Villages Suite 011,East Davidside,AK,85928,1950-07-03
428,Amber,Thomas,amber.thomas@yahoo.com,1425183883,435 Kathleen Lock,West Teresa,SC,37293,1950-10-01
429,Anthony,Williams,anthonyw@yahoo.com,4817361920,73581 Kathleen Spurs,South Karen,CO,78960,1992-03-11
430,Allen,Johnson,ajohnson@yahoo.com,8700966171,799 Marilyn Streets Suite 742,Port Emilybury,NH,01021,1965-12-18
431,Katherine,Rocha,katherinerocha@outlook.com,9394297829,9597 Michael Brooks,East Antonio,AZ,82765,1990-02-14
432,Christopher,Moon,christopher_moon@gmail.com,3203439917,736 Morris Stravenue Apt. 264,Port Jasonchester,AR,03931,2002-09-19
433,Mary,Lopez,maryl@outlook.com,2012317075,4026 Nichole Mission,Joshuatown,WY,56438,1982-04-14
434,Timothy,Lane,timothy.lane@example.com,8764577063,3218 Cody Mission Suite 908,Port Paula,FM,08991,1998-09-11
435,Victor,Stewart,victor_stewart@gmail.com,3559292273,104 Rice Crescent Apt. 428,Parkerview,OH,41650,2002-01-10
436,Ashley,Gonzalez,agonzalez@example.com,4996472409,94456 West Brooks,Jerryhaven,TN,40753,2001-08-16
437,Jennifer,Lynch,jennifer.lynch@outlook.com,5531129483,571 Mcgrath Hills,East Molly,WV,11262,2004-06-14
438,Dawn,Hendricks,dawn.hendricks@yahoo.com,7562483789,775 Holly Turnpike,Amandafurt,NH,21342,1968-02-25
439,Martin,Jones,mjones@outlook.com,7839288284,20909 Barton Station,New Paulfort,MH,05991,1943-06-28
440,Crystal,Hall,crystalhall@yahoo.com,7429543418,48938 Williams Mountain,New Benjaminfurt,IL,50341,1983-03-19
441,Richard,Cervantes,richard.cervantes@example.com,7225539901,2683 Miller Isle Suite 791,Johnstad,PR,60268,1988-08-09
442,Lisa,Gill,lisag@outlook.com,5097949340,286 Gray Mill Suite 477,North Dale,PW,64972,1981-08-04
443,Dawn,Hawkins,dawnh@yahoo.com,5478550521,4504 Joseph Island Apt. 194,Petershire,TN,72148,1967-10-12
444,Teresa,Scott,teresa.scott@example.com,9353254534,1780 Griffin Parkways,East Nathanieltown,CA,90395,1955-08-29
445,Madeline,Lopez,mlopez@yahoo.com,3393786741,64285 Montes Fort Suite 944,Smithberg,MA,24661,2006-06-30
446,Brandon,Moon,brandon.moon13@gmail.com,5337036921,5745 Jessica Point,Maddoxville,RI,27456,1980-09-13
447,Wesley,Stuart,wesley_stuart@example.com,4418137946,2406 Owens Expressway,Shaunhaven,MO,33026,2003-04-04
448,Thomas,Scott,thomasscott@example.com,0946037761,10851 Tran Road,South Matthew,MN,64061,1982-02-05
449,Carly,Delgado,cdelgado@outlook.com,0715960873,9351 Nicole Crossing,West Amandaport,ME,12080,1975-04-26
450,Christopher,Johnson,christopherjohnson@gmail.com,9978159364,450 Stanley Bridge,New Nicolemouth,SD,64783,1972-02-20
451,Joshua,Christian,joshua_christian@example.com,5547805524,5958 Tiffany Route Suite 267,Gomezberg,MD,36897,1962-12-18
452,Anthony,Smith,anthony.smith@outlook.com,8769943285,697 Fuller Street,Lake Nicoleton,CT,06631,1962-04-13
453,Marie,English,marie.english37@gmail.com,9896443541,97417 Keith Pine Suite 320,Jenniferview,HI,86882,1986-09-05
454,Jason,Cunningham,jasonc@outlook.com,6813367797,49623 Madison Cove,Nancymouth,SD,30805,2004-10-31
455,Angelica,Hart,angelica.hart41@yahoo.com,1376181794,3352 Robertson Mountain Suite 550,South Rachelview,MS,14915,2003-06-06
456,Jay,Fitzgerald,jay_fitzgerald@gmail.com,3993332989,0447 Jacob Parkways,Jamesfurt,MT,40223,1944-02-17
457,Andrew,Johnson,andrewjohnson@yahoo.com,0379116447,3194 Allen Rapids,Bennettbury,MT,19005,2003-01-20
458,Douglas,Herrera,douglash@gmail.com,9263580064,749 Joshua Corner Suite 580,South Bridget,GA,57936,1982-06-25
459,Gary,Wong,gary_wong@gmail.com,0693827347,059 Cisneros Parks Suite 718,New Ashleybury,IL,70684,1987-12-29
460,Derek,Rodriguez,derekrodriguez@outlook.com,4604176693,73833 Wells Stream,New Rebeccaton,KY,64238,1988-01-20
461,Cameron,Powers,cameronp@outlook.com,7021536008,24036 Moore Haven,Wrightside,KY,80473,1972-05-02
462,Wesley,Snyder,wsnyder@yahoo.com,2152910174,75413 Jones Views Apt. 117,Charlotteton,UT,04714,1979-03-08
463,Joseph,Graham,joseph_graham@outlook.com,1969183600,10696 Arnold Crossroad,Parkerchester,IA,74176,1978-04-22
464,Heidi,Greene,heidi.greene@example.com,3300522090,137 Bishop Crossroad,North Stevenhaven,NC,09158,1981-11-29
465,Natalie,Moore,natalie_moore@gmail.com,1286430620,48422 Brandon Turnpike,Jonberg,AZ,42970,1965-07-31
466,Tammy,Zuniga,tammy_zuniga@gmail.com,5054823306,9222 Jeremy Hills,Lake Anna,MN,56433,1945-12-24
467,Grace,Hansen,grace.hansen@example.com,9415948778,511 Garrison Radial Suite 382,South Michelleborough,GA,33606,1954-09-02
468,Cheryl,Dyer,cheryld@outlook.com,7580827434,09953 White Land Suite 011,Sarafort,KS,73544,1951-11-13
469,Thomas,Marshall,thomasmarshall@yahoo.com,1146808278,4147 Bradley Knolls,Huffmanborough,CA,62398,1972-06-30
470,Aaron,Thompson,aaront@example.com,9662993984,4588 Foster Meadow,West Michael,MO,39296,1972-09-29
471,Juan,Douglas,juan_douglas@outlook.com,8359148867,8072 David Walks,New Samantha,UT,48257,1961-04-16
472,Adam,Ruiz,aruiz@yahoo.com,3513645448,928 Smith Viaduct Apt. 938,Port Stephenland,MP,50488,1977-03-23
473,Christopher,Martin,christopherm@gmail.com,8797867037,9400 Burch Junctions,New Denise,OR,57378,1999-06-27
474,Michael,Petersen,michael.petersen@example.com,3128875175,61092 Mary Spur,New Emilyburgh,AL,59156,1969-12-24
475,Eduardo,James,eduardo.james1@example.com,8824478118,2847 Karen Mountain,Ayersside,WV,30510,1997-09-14
476,Colton,Fisher,colton.fisher39@gmail.com,5587850722,638 Teresa Isle,Robertport,CT,08544,1970-11-26
477,Amber,Bishop,abishop@gmail.com,0835007616,6781 Torres Underpass Apt. 818,New Stanley,IA,24809,1951-07-13
478,Erica,Donovan,ericadonovan@outlook.com,8227294167,290 Joshua Shoals,Stanleyborough,NH,38490,1970-02-06
479,Eddie,Santana,eddiesantana@example.com,1063843630,1515 Mitchell Ports Suite 850,North Jefferyburgh,WA,00844,1987-03-14
480,Cody,Logan,codylogan@example.com,6450695516,5510 Steven Inlet Suite 008,East Katherineton,FL,84701,1993-03-31
481,Dustin,Martinez,dustin.martinez@yahoo.com,8172173004,6479 Maxwell Rue,Clarkstad,WA,19646,1990-04-04
482,Sherry,Jones,sherryjones@example.com,4478258895,07615 Kimberly Pine,North Debra,SD,60250,1983-07-17
483,Anna,Marsh,anna_marsh@gmail.com,7093774637,658 Davis Junction Suite 624,West Steven,WY,56182,2003-08-18
484,Stephanie,Martin,stephanie_martin@yahoo.com,0254090367,40135 Mary Plains Suite 521,Port Amberchester,RI,15549,1958-08-18
485,Angela,Williams,angelaw@outlook.com,4472452588,2239 Davis Orchard,North Bryan,ND,71364,2006-03-25
486,Gail,Nelson,gail_nelson@example.com,9900782266,6885 James Extensions,Millsborough,OH,77277,2005-09-23
487,Michaela,Frederick,mfrederick@outlook.com,3672995253,1946 Parsons Branch Suite 999,Davidsonchester,KY,91080,1981-11-29
488,Sophia,Garrison,sophia.garrison@yahoo.com,3277743697,2300 Kristy Mountains,Shortside,NE,52326,1970-04-23
489,Tristan,Ritter,tristan.ritter66@yahoo.com,3617160463,05881 Elizabeth Causeway,Loganside,GU,92732,1965-07-17
490,Travis,Brown,travis_brown@gmail.com,7067774229,5365 Smith Wells Apt. 064,Martinstad,IL,62443,1964-02-20
491,Andrea,Bush,abush@example.com,6088398007,642 Lutz Islands Suite 816,Kellyview,DE,34550,1954-06-04
492,Brandon,Johnson,brandon_johnson@example.com,4740793305,64918 Mclean Islands Suite 521,Alexisfort,CT,84585,1963-07-11
493,Aaron,Grimes,agrimes@gmail.com,0872564153,12085 Nancy Landing,Reyestown,DC,61456,1942-10-09
494,Scott,Bender,sbender@outlook.com,2842096605,81121 Pearson Shoals Apt. 668,Trevorbury,WI,36737,1978-04-04
495,Elijah,Bullock,elijah.bullock@gmail.com,5114330690,39453 Ronald Port Apt. 397,Port Lisaside,NM,43356,1963-05-15
496,Ashley,Werner,ashley.werner@yahoo.com,2392215787,375 Huber Wells Suite 754,North Misty,MO,55368,1960-01-22
497,Jennifer,Costa,jcosta@yahoo.com,2961245614,007 Hunt Parkway,Mejialand,NM,59863,1963-07-15
498,Nicholas,Giles,ngiles@example.com,6526590392,66039 Robinson Mill,Lake Joshuabury,SC,90772,1995-02-22
499,James,Anthony,james.anthony@outlook.com,7753560308,514 Pamela Grove,Lake Williammouth,RI,03515,1979-07-26
500,Andrea,Martinez,amartinez@example.com,7772371532,1931 Patrick Overpass Suite 767,Martinfort,NY,90650,2005-11-09
501,Thomas,Delgado,thomas_delgado@gmail.com,1247249631,54496 Regina Station Suite 616,Danielport,NE,25237,1957-08-06
502,David,Bullock,davidbullock@example.com,9204608703,295 Guerrero Light Suite 108,Paulport,WV,16113,1992-01-29
503,George,Woods,george.woods@example.com,5469463939,189 Cindy Court,Esparzahaven,FM,42705,1961-02-10
504,Lindsay,Pratt,lindsay_pratt@gmail.com,2358159432,9355 Jason Curve Apt. 241,Byrdview,IL,96555,1944-05-06
505,Shawn,Griffith,shawn_griffith@example.com,2426439256,1334 Amy Meadow,Davidfort,RI,37374,1947-07-01
506,Laura,Jenkins,lauraj@outlook.com,4271548197,59764 Pearson Falls Suite 061,Brownmouth,MO,41896,1958-09-28
507,Dylan,Rodriguez,dylan.rodriguez38@example.com,3210018025,68328 Brown Mountains Apt. 637,North Alison,MN,35168,1996-12-22
508,Michelle,Mendoza,michellem@outlook.com,0688841046,95095 Samuel Mill,Brianview,GA,14186,1990-09-03
509,Stacy,Pham,stacy.pham@yahoo.com,6924913659,448 Hudson Path,Taylortown,AS,10047,1965-07-09
510,Peter,Reyes,peterreyes@example.com,6959388722,26334 Fritz Neck Apt. 891,Lake Randyshire,TX,14940,1983-10-20
511,Eric,Zhang,eric.zhang@yahoo.com,4638080927,0367 Patel Flat Apt. 248,Tiffanyview,GU,84498,2002-03-14
512,Christina,Williams,christina.williams30@outlook.com,2964488100,872 Rodriguez Trail,Sampsonville,PW,34810,1965-04-30
513,Erika,Johnson,erika_johnson@gmail.com,1868986539,1765 Hughes Station,Jacquelinemouth,DE,93053,1986-06-26
514,Shawn,Bauer,sbauer@yahoo.com,2152445475,1068 Samantha Center,Martinborough,NV,39575,2007-05-04
515,Johnny,Smith,jsmith@yahoo.com,5704352143,163 Ortega Causeway,East Barbara,KY,09249,1955-02-17
516,Ian,Johnson,ianjohnson@yahoo.com,5800083891,44383 Barker Street,Melaniefort,OK,85567,1959-06-05
517,Gavin,Powell,gavinpowell@yahoo.com,2653979918,69293 Ross Squares,Angelmouth,VT,69671,1981-04-15
518,Melanie,Allen,melanieallen@example.com,4793888724,40852 Davidson Fort Apt. 758,Port Carly,CO,08126,1953-11-21
519,Cynthia,Finley,cynthia.finley@yahoo.com,8773880025,7700 Donna Place Suite 063,South Ronaldside,MO,62077,1996-12-31
520,James,Allen,jamesa@outlook.com,4665111027,855 Carl Ranch,South Loriburgh,DE,07055,1958-04-27
521,Timothy,Johnson,timothyj@gmail.com,4368731438,1170 Crane Fort Apt. 714,South James,NC,43749,1960-10-27
522,Erin,Garcia,egarcia@outlook.com,9865560394,0891 Morgan Flats,North Michaeltown,OH,93250,2004-03-27
523,Jerome,Maldonado,jerome.maldonado25@outlook.com,9020045355,018 Lee Drive,Kingmouth,NM,72689,1945-01-14
524,Ellen,Edwards,ellenedwards@outlook.com,2674170990,1013 Christine Street Apt. 874,Klinehaven,NH,47960,1941-10-28
525,Mark,Leach,markl@example.com,9184453045,5800 Smith Roads Suite 201,Jessicabury,AZ,17473,1989-02-15
526,Helen,Sutton,helen.sutton97@gmail.com,9810027025,0344 Nicole Islands Suite 329,Karentown,SC,37897,1977-08-20
527,Patricia,Calderon,pcalderon@gmail.com,3325495683,6037 Jennifer Forge Apt. 326,Johnport,KY,32304,1979-08-17
528,Joseph,Taylor,joseph.taylor@example.com,7080923330,3155 Thomas Run Suite 369,South Williamhaven,MA,10970,1990-06-06
529,Thomas,Johnson,thomasjohnson@yahoo.com,3777362595,1003 Benjamin Shoals,West Robert,RI,78412,1972-08-25
530,Deborah,Hayes,deborah_hayes@outlook.com,4455451065,0725 Derek Expressway Apt. 407,Port Carlosstad,WI,60155,1940-10-20
531,Elizabeth,Anderson,elizabethanderson@yahoo.com,0697025115,1632 Angela Drive Apt. 121,East Carrieview,MT,91921,1960-02-08
532,Juan,Braun,jbraun@outlook.com,4696728038,239 Linda Ways Suite 828,Jamesburgh,NJ,75124,1981-03-12
533,Judith,Williams,judithwilliams@example.com,4911865057,70289 Johnson Cove,Kellyview,FL,42725,1955-05-08
534,Charles,Glass,charlesg@gmail.com,9122978978,6835 Angela Roads,Kristiside,GU,40660,1981-10-22
535,Andrew,Aguilar,andrew.aguilar@gmail.com,0705642768,486 Shane Isle Suite 077,East Kristen,VI,82193,1973-03-29
536,Nathan,Garrett,ngarrett@outlook.com,7636547348,99436 Ronald Throughway,North Kylie,MS,44127,1999-04-03
537,Ashley,Levy,ashleylevy@yahoo.com,9813599304,75083 Bryan Harbors,Armstrongborough,MP,06837,1970-08-30
538,Manuel,White,manuelwhite@gmail.com,9618716463,465 George Lake,Gardnerview,IN,54018,1972-07-07
539,Susan,Wright,susan.wright85@gmail.com,9023463808,89162 Thompson Roads,Jacksonport,SC,12873,1948-02-24
540,Stephanie,Perez,stephanieperez@example.com,7663942467,3629 David Mountain,Boyerburgh,DC,74458,1969-10-26
541,Felicia,Hernandez,fhernandez@gmail.com,9648379086,62606 Mcdonald Lodge Suite 900,Wyattburgh,NH,35102,1954-02-07
542,Laura,Day,laura.day@gmail.com,9303403527,4824 Gregory Haven Suite 757,East Danielburgh,IA,51790,1971-04-27
543,Robert,Steele,robert.steele@outlook.com,7675731776,6435 Shannon Drive Suite 314,Danielton,NJ,77423,1982-04-20
544,Stephen,Horton,stephenhorton@outlook.com,8237046565,3071 Sanford Loop,Ortegafurt,OR,63942,1957-02-15
545,Steve,Holland,sholland@example.com,7952198745,207 Mary Highway Apt. 520,Port Michaelborough,VA,79628,1974-05-28
546,Tyler,York,tyler_york@outlook.com,5917060131,1970 Smith Freeway Apt. 418,Peterfurt,CA,89218,1999-09-04
547,Tyler,Moore,tmoore@outlook.com,2703329067,9220 Scott Curve Apt. 871,Laurenton,RI,42038,1991-08-27
548,Ronald,Cox,ronald.cox12@outlook.com,6195464115,745 Jamie Plaza Suite 657,Coltonside,MT,13491,2002-05-09
549,Edward,Jones,edwardjones@gmail.com,7511971391,12826 John Circles,East Jenniferberg,AZ,71446,1999-02-25
550,Daniel,Burns,danielb@example.com,3374483650,183 Cruz Row Apt. 765,Teresaport,AS,97937,1961-08-09
551,Kelli,Morales,kmorales@gmail.com,1721958554,8813 Santos Tunnel Suite 470,Millerstad,ME,93204,1951-10-05
552,Robin,Nixon,robinnixon@outlook.com,2378822604,55691 Joshua Courts,New Michele,NM,46930,1946-01-15
553,Danielle,Barrett,danielle.barrett29@gmail.com,8097269965,757 Barber Rapid,New Mandymouth,SD,83078,1966-07-08
554,Michael,Collins,michael_collins@yahoo.com,3668019841,36721 Anthony Park Apt. 148,Kaylabury,AZ,79993,2006-12-23
555,Denise,Alvarez,denisealvarez@gmail.com,6203649740,5957 Russell Springs Suite 969,Herreraburgh,DE,66738,1982-07-26
556,Rebecca,Garrison,rebeccagarrison@yahoo.com,0329276958,675 Kyle Lights,Lake Christopherberg,FL,33170,1989-03-17
557,Sydney,Becker,sydneyb@outlook.com,5616807548,557 Thomas Valleys,South Edwardland,WY,46853,1960-07-30
558,Mark,Best,mark.best@gmail.com,6405544973,15696 Marc Street,Lake Katherine,IL,43101,1942-11-18
559,Danielle,Cox,daniellecox@yahoo.com,2359466936,25360 Janet Pines,New Tylerport,OH,83462,1972-05-24
560,Daniel,Kelley,danielk@outlook.com,6098120357,1867 Lewis Ridge Suite 281,South Courtney,FM,33919,1944-06-27
561,Debra,Mitchell,debram@gmail.com,6929178136,82164 Baldwin Throughway Suite 595,Lawrencetown,DE,22753,2006-04-08
562,Eric,Anderson,eric_anderson@gmail.com,9367973930,8099 Norman Path Apt. 485,Gregorymouth,MP,02119,1969-01-24
563,Madison,Johnson,madison.johnson65@outlook.com,4839405753,59810 Haynes Lane Apt. 593,East Jameston,MT,83487,1991-06-14
564,Rhonda,Houston,rhonda.houston@gmail.com,4800239472,36875 Heather Way Apt. 247,Vazquezton,MN,55099,1961-07-13
565,Catherine,Lewis,catherinelewis@yahoo.com,3837064091,8761 Sandoval Divide,Andrewfurt,NY,60751,1980-09-27
566,Matthew,Moss,matthew.moss25@yahoo.com,5976044358,60570 Mitchell Burg Suite 956,South Jenniferside,FM,96190,1992-04-03
567,Martha,Flynn,marthaflynn@gmail.com,0890828401,40904 Kathleen Squares Apt. 642,New Brittneymouth,PR,86363,1988-10-02
568,Rhonda,Ellis,rhonda.ellis@example.com,8932907775,044 Christina Trafficway Apt. 785,Baxterstad,AS,22838,1949-03-22
569,Theresa,Taylor,theresa.taylor22@gmail.com,3034786353,24580 Medina Corners Suite 781,Port Matthew,PW,40252,1959-08-15
570,Christopher,Gonzalez,christopher.gonzalez@gmail.com,7514937227,0065 Ryan Island Apt. 622,Hebertland,NC,18038,2001-09-09
571,Veronica,Clarke,veronicac@gmail.com,0722041330,79668 Julia Circle,South Jacobchester,MT,23545,1941-11-18
572,John,Crawford,jcrawford@gmail.com,6744243412,38505 Elizabeth Station,Port Ashleyborough,DC,15280,1998-05-17
573,April,Manning,amanning@yahoo.com,3996143945,7186 Ellis Spurs Apt. 139,Nicholashaven,SC,55699,1946-08-30
574,Beth,Taylor,beth.taylor90@outlook.com,5288438154,502 Linda Skyway Suite 191,Salasbury,SD,33219,1989-01-26
575,Carrie,Baker,carriebaker@example.com,3954692589,15735 Colin Landing Suite 723,East Andrewview,WY,95601,1968-01-02
576,Erin,Rhodes,erhodes@outlook.com,2157165990,79473 Brown Station,Whiteland,ME,32539,1962-05-16
577,Elizabeth,Young,elizabethy@yahoo.com,5594732718,44717 Rosales Port,Sullivanport,NC,96395,1992-01-30
578,William,James,wjames@outlook.com,6586781550,987 Andrew Shore,New Ashley,MH,77986,1983-05-26
579,Stephen,Mosley,stephen.mosley@outlook.com,7197432448,0257 Rivera Lake,North Tiffany,UT,13860,1993-11-20
580,Kristin,Taylor,kristintaylor@gmail.com,3540863227,62982 Barrera Port Suite 010,South Gregorytown,WI,07090,1999-01-18
581,Nicholas,Weaver,nicholasw@example.com,0214364779,206 Diana Path,Port Tammy,FM,47379,1981-08-13
582,Brandon,Ellis,brandon.ellis@example.com,5483818979,935 Jason Lights,Danielville,RI,39846,1987-06-11
583,Larry,Wilson,larryw@outlook.com,9289070608,18118 Clark Walk,Mooremouth,IA,73448,1987-09-19
584,Steven,Davis,steven.davis81@example.com,3981523388,5549 Bruce Junctions,East Kimberly,VT,04515,1982-11-17
585,Ariel,Gross,agross@gmail.com,2001691814,553 Reed Mission,Josephview,SC,77899,2006-06-27
586,Joseph,Heath,joseph.heath74@gmail.com,8004422158,904 Natalie Knoll Apt. 794,Phillipside,NE,27192,1983-08-26
587,Steven,Pierce,stevenp@yahoo.com,1592964632,80834 Frank Gateway,North Megan,GA,87372,1993-07-25
588,Nicholas,Poole,nicholasp@yahoo.com,3656599715,7301 Joshua Ways,Rebeccachester,AL,60922,1970-08-06
589,Steven,King,steven.king93@gmail.com,8404125928,5721 Arnold Greens,Mathewsborough,CT,91329,1958-05-11
590,Brittany,Hopkins,brittany.hopkins94@example.com,9458497627,88853 Dennis Land,Lake Peggyburgh,KS,06732,1982-01-27
591,Martha,Anderson,marthaanderson@example.com,1171912686,015 Robinson Light Suite 517,North Christopherchester,ND,06032,1967-05-09
592,Sean,Crawford,sean_crawford@gmail.com,2360898966,6431 Monica Fall Apt. 640,Jamesbury,GA,76967,1970-08-02
593,Eddie,Williams,eddiewilliams@outlook.com,6353746775,58719 Brenda Trace Suite 421,Brittneyville,OH,21384,1979-08-12
594,Mark,Norton,mark.norton83@outlook.com,4930715147,2015 Juan Loop,North Ryan,OR,52440,1994-08-30
595,Phyllis,Morgan,phyllis.morgan38@gmail.com,0084055940,66276 Zavala Hills,West Donna,MS,88952,1961-12-22
596,Gregory,Wiley,gwiley@yahoo.com,1317571370,823 Gillespie Branch Apt. 414,South Jonathan,WY,29752,1999-12-15
597,Andrea,Anderson,andrea.anderson@yahoo.com,5429605200,208 Smith Circle Apt. 299,Lake Justinside,WI,16670,1995-02-07
598,Autumn,Moore,autumn.moore@outlook.com,7090564822,189 Mary Hill,South Austinfort,CO,20201,1978-01-17
599,Ryan,Smith,rsmith@outlook.com,3462423044,683 Mcgee Heights,Michaelfort,AS,92059,2004-08-30
600,Dawn,Johnson,dawn.johnson@outlook.com,3885373329,165 Derrick Spring Apt. 365,West Annettebury,MI,76461,1989-09-03
601,Chris,Terry,cterry@outlook.com,0535432884,758 Elizabeth Hills,South Nancymouth,IL,48500,1989-08-27
602,John,Sullivan,john.sullivan@gmail.com,0109412592,7905 Chavez Row Apt. 729,Lisahaven,MO,11716,1942-10-29
603,Barbara,Preston,barbara.preston53@outlook.com,4330326506,61278 Luna Junction,Beltranmouth,NV,80376,1981-11-19
604,Jennifer,Pace,jpace@outlook.com,6419734638,588 English Hills Suite 124,West Laurastad,OR,32818,1946-02-05
605,Michael,Anderson,michael_anderson@outlook.com,5116296831,5414 Graham Courts,West Troy,MA,82885,1967-10-11
606,Aaron,Mcdonald,amcdonald@outlook.com,6953934272,21746 Brandon Valley,Munozside,NY,56577,1979-12-03
607,Patricia,Waller,patricia_waller@outlook.com,3606879717,5019 Marilyn Radial,Lucasview,AK,25591,1944-03-03
608,Eric,Rodriguez,ericr@outlook.com,1846075222,9375 Matthew Vista Apt. 549,Port Mitchell,NY,08972,2005-06-15
609,Angelica,Morrison,angelica_morrison@example.com,1998793653,264 Rush Freeway,North Raymondborough,MP,08719,1978-02-24
610,Willie,Levine,willie_levine@outlook.com,0196908128,93929 Farley Fields Suite 523,Clintonborough,RI,24089,1995-07-21
611,Miranda,Arellano,mirandaa@yahoo.com,0037415418,336 Crawford Court,Crystalbury,CA,96710,1986-03-05
612,Adrian,Wright,adrian_wright@outlook.com,0189631114,661 Morales Ridges Suite 565,Humphreyville,LA,05249,1999-03-18
613,Steven,Graham,steven.graham@yahoo.com,6780594813,4149 Guzman Prairie,Keyland,ND,11991,1963-03-12
614,Catherine,Cruz,catherinec@outlook.com,8215744245,552 Smith Valley,Deniseburgh,DE,73779,1977-03-17
615,Hannah,Hart,hannah.hart13@yahoo.com,8294673485,2850 Hill Pass,Romanshire,PA,76991,1973-05-28
616,Joseph,French,josephf@example.com,7735178367,85180 Moreno Light Apt. 467,Stokesport,MA,76373,1998-07-03
617,Julie,Parsons,julie.parsons@gmail.com,3745623361,9812 Victoria Glen Apt. 839,Brucefurt,OR,56057,2003-04-08
618,Patrick,Glover,patrickglover@yahoo.com,2616389880,12355 Evan Junction Apt. 599,Middletonstad,ME,60466,1946-02-19
619,Jeremy,Thomas,jeremy_thomas@outlook.com,6677406788,812 Bell Grove,Albertmouth,DC,75548,1972-06-13
620,Matthew,Lee,mlee@outlook.com,4084988422,298 Anderson Throughway Apt. 125,Port Lisamouth,PW,58281,1970-05-16
621,Paul,Allen,paul.allen17@gmail.com,5042909021,560 Christopher Ferry,Williammouth,MI,41553,2001-10-14
622,Daniel,Crawford,dcrawford@example.com,2197802643,29396 Melissa Dam,Hayesberg,FL,14191,1977-11-20
623,John,Schroeder,john.schroeder48@outlook.com,4915216076,49923 Stewart Ford,Mirandahaven,MD,73366,1999-08-04
624,Jessica,Byrd,jbyrd@gmail.com,1349644386,3807 Murray Divide Suite 924,North Rose,MT,76586,1995-12-09
625,Allison,Chandler,achandler@example.com,2754551531,808 Sarah Junctions Apt. 309,Alexanderfurt,PR,98779,1978-01-17
626,Gina,Bailey,gina.bailey@example.com,9786858034,67365 Perez Skyway Apt. 576,North Cassandra,FL,25366,1992-12-07
627,Amanda,Thompson,amandat@gmail.com,0571239330,00613 Allison Club,Cynthiamouth,MT,11244,1958-08-22
628,Kristin,Collins,kristincollins@example.com,6701682190,15077 Richard Mountains Apt. 727,Port Wendy,NC,94153,1946-06-25
629,Christine,Thompson,christinethompson@gmail.com,2153079549,295 Williams Wall,Oliverland,VI,53627,1964-01-21
630,Dakota,Kelly,dakotak@example.com,6267466970,195 Gardner Brooks,West Robert,PW,57249,1940-06-10
631,Joseph,Newton,joseph.newton@outlook.com,4281629796,841 Garza Avenue,Millermouth,MS,85256,2005-11-18
632,Tina,Mcclain,tinam@outlook.com,5368596675,73274 Robinson Trail,New Edward,PR,26796,1974-11-05
633,Katelyn,Larsen,katelynl@gmail.com,0528098453,498 Cannon Isle,East Eddieburgh,ND,05048,2004-08-10
634,Daniel,Bell,daniel.bell1@outlook.com,4873023269,8846 Julie Wall,Flowerstown,MT,11183,1998-06-13
635,Robert,Brown,robert.brown@outlook.com,8624916288,5966 John Common Suite 493,Sarahport,MH,19663,1989-07-22
636,Alex,Smith,asmith@gmail.com,9723724162,61045 Jack Gateway Suite 238,Tinabury,MN,68619,1997-09-21
637,Todd,Davis,toddd@outlook.com,1899950411,5993 Harold Rest,West Robinborough,WI,35424,1951-03-10
638,Dennis,Cooper,dennis.cooper@gmail.com,5095344576,688 Jones Oval Apt. 907,Johnsonton,SC,94347,1946-09-13
639,Tiffany,Kennedy,tiffany.kennedy53@outlook.com,9169876590,960 Brandon Plaza Apt. 416,Leahberg,AK,15526,1989-11-27
640,Brooke,Taylor,btaylor@gmail.com,2654597815,627 Brown Port Suite 127,Caseborough,NH,80388,1973-05-21
641,Michelle,Glenn,michelleg@outlook.com,7538632750,02195 Farmer Locks Apt. 749,Bennettland,VT,02496,2003-11-20
642,Joseph,Davis,jdavis@outlook.com,6653033765,49373 Tammie Islands Apt. 576,East Laurachester,MA,82508,1965-01-03
643,Michael,Thompson,michaelthompson@yahoo.com,4232056342,5362 Stephanie Islands Suite 338,South Brandonhaven,NE,28112,1976-12-08
644,Kathryn,Evans,kathryn.evans@outlook.com,4085992979,4890 Jackson Oval Apt. 550,North Rebekah,NM,60993,1980-10-28
645,Angela,Gilbert,angelag@gmail.com,9926103945,19653 Cindy Isle Suite 360,Harrisonbury,AK,31394,1943-08-04
646,Dylan,Martinez,dylan_martinez@gmail.com,4411314221,3163 Wolf Orchard,Matthewshire,TN,66515,1946-11-08
647,Leslie,Alexander,lesliea@example.com,0249643845,31050 Brett Wall Suite 014,South Kimberlyport,GA,58237,1977-10-11
648,Nicole,Adams,nadams@outlook.com,2039794324,0916 Michael Manors,East Hannah,NY,46157,1958-04-12
649,Alex,Riley,alex.riley@yahoo.com,5117460846,8697 Payne Common Suite 806,North John,UT,33648,1946-01-22
650,Howard,Jones,howard.jones10@example.com,0254697880,75006 Christopher Stravenue,Lake Brandon,MI,93205,2006-01-19
651,David,Ritter,david.ritter10@example.com,5022724873,22050 Kelsey Plaza Apt. 158,Hernandeztown,ME,20028,1994-09-21
652,Kyle,Phelps,kyle.phelps@outlook.com,4443277607,399 Lauren Villages,Galvanside,IN,89232,2000-09-14
653,Kenneth,Gomez,kenneth.gomez@example.com,0106286893,266 Ashley Drives Apt. 444,Jamesmouth,MN,68048,1975-09-20
654,Christian,Jennings,christian.jennings20@example.com,2218344422,720 Hayley Spring Apt. 489,Danielbury,MH,61925,1982-09-20
655,Andrea,Barajas,andreab@outlook.com,7223553524,9765 Berger Villages Suite 210,Thomasville,DE,39330,1982-09-11
656,Kelsey,Olson,kelsey_olson@yahoo.com,8222215416,70757 Gonzalez Walk Suite 566,Arielhaven,WV,78183,2006-03-24
657,Jesse,Anderson,jesseanderson@outlook.com,0441770306,017 Ballard Islands Apt. 056,Lopezbury,ID,07701,1983-07-06
658,Sarah,Cohen,sarahc@outlook.com,1445309831,13408 Lisa Green Suite 234,Davidshire,KS,57541,1975-10-05
659,Tina,Scott,tina.scott52@outlook.com,7205891087,904 Christian Crossing Apt. 694,Blackwellville,IA,36599,1943-06-24
660,Anita,Munoz,anitamunoz@yahoo.com,3250132705,1808 Corey Flat,South Edwinview,IL,69382,1960-12-21
661,Cynthia,Stout,cynthia_stout@outlook.com,7493233125,79720 Ryan Lane,Jonathanmouth,AZ,89446,1967-07-11
662,Andrew,Lin,alin@yahoo.com,3943521771,9628 Clark Centers,Bruceland,MO,26509,1955-11-08
663,Gregory,Roberts,gregory_roberts@gmail.com,7207940400,9523 Gaines Unions,Robertstad,NE,15123,1946-03-19
664,Kevin,Boone,kevinb@gmail.com,2570896291,993 Bradley View Suite 241,East Jeremy,NE,30056,1982-08-15
665,Stephanie,Rivera,srivera@yahoo.com,4914381763,86081 Walker Crossroad Suite 106,New Michaelville,GA,27445,1962-12-18
666,Thomas,Huber,thomash@example.com,0161905073,01530 Lee Land,Lake Pam,MH,09101,1979-10-10
667,Jonathan,Turner,jonathanturner@gmail.com,9638423912,897 Graham Tunnel Apt. 004,Henrychester,VI,34547,1948-12-29
668,Jay,Allen,jay.allen39@yahoo.com,7138156394,9913 Thompson Mountain,Michaelport,SD,45599,1973-07-10
669,Diana,French,dianaf@outlook.com,2709234218,461 Gregory Prairie Apt. 260,Gonzalezside,CA,78217,1942-04-08
670,Thomas,Sherman,thomas_sherman@gmail.com,1315114620,33832 Riley Wells,Fullerport,DE,54109,1998-09-02
671,Bernard,Rose,bernard.rose@gmail.com,2709313895,734 Christopher Trail,Simsland,PA,14045,1983-06-07
672,Kyle,Ramirez,kyleramirez@gmail.com,5591246575,868 Morgan Key Apt. 468,Petersonstad,AR,82376,1957-04-25
673,Jared,Jones,jared_jones@example.com,4412367338,93711 Sanders Drive Apt. 292,Stevenston,AS,14820,1974-12-02
674,Michael,Hicks,michael.hicks35@gmail.com,6734029919,95189 Heather Canyon Suite 193,Port Joseph,NJ,53166,1953-01-10
675,David,Williams,davidw@yahoo.com,0064082859,79937 Jason Viaduct,Fowlershire,GU,35765,1996-03-29
676,Sergio,Sanders,sergios@gmail.com,8155317273,2171 Judith Squares,South Taylorburgh,VA,56229,1987-06-15
677,Thomas,Ward,thomasw@example.com,8112860090,163 Timothy Corner Suite 245,South Katelyn,CO,95577,1991-06-05
678,Gregory,Avila,gregory.avila27@example.com,6176591659,8427 Francisco Highway Apt. 269,Port Jacksonstad,CO,56814,2003-02-20
679,Dale,Allen,dale.allen@outlook.com,2526198555,526 Nancy Wall,East Douglas,IL,92179,1964-12-19
680,Elizabeth,Meyer,emeyer@outlook.com,5821600617,79390 Sanchez Dam,Tracymouth,NH,95291,1983-02-19
681,Ann,Davenport,anndavenport@outlook.com,6504469449,5068 Strong Loop,Juanland,WY,57427,1948-03-08
682,David,Lopez,david.lopez94@example.com,9407381981,732 Hayden Rue,Manuelmouth,ID,38198,1973-02-19
683,Kristen,Jones,kristenj@example.com,7488597044,64788 Sarah Fords Apt. 823,Andrewfort,HI,75146,1976-01-28
684,Erika,Lester,erikalester@yahoo.com,7358346954,12446 Austin Drive Suite 540,Hollandton,PA,48317,1961-03-10
685,Katie,Evans,kevans@gmail.com,1724310679,29031 Yvonne Plaza,Port Lisatown,IA,76290,1947-03-01
686,Tammy,Espinoza,tammye@outlook.com,5802466479,46116 David Points Suite 146,Marystad,PA,56511,1970-11-28
687,Thomas,Fisher,thomasf@outlook.com,0391579070,457 Johnson Manors Suite 635,West Christopher,PW,79298,1967-03-17
688,David,Rivera,david.rivera@yahoo.com,9507632432,18242 Miranda Parkway Suite 478,Lake Nathan,AK,35332,2002-06-24
689,Ernest,Bennett,ernest.bennett44@yahoo.com,1414610824,58506 Jackson Land Apt. 892,Obrienland,CA,66261,1948-10-07
690,Diana,Miller,dmiller@outlook.com,5853363136,7640 Ward Forks Suite 247,Lake Christopherfurt,AL,68788,1958-03-17
691,Brittney,Johns,brittneyj@example.com,6959201116,776 Davis Mountain Suite 292,Karenberg,RI,39776,1983-10-30
692,Jack,Oliver,jack.oliver@example.com,4289746915,711 Bryan Corners Suite 300,Russellchester,NJ,11112,1971-05-16
693,Stacy,Daugherty,stacy.daugherty77@gmail.com,3636242939,840 Christopher Run Suite 850,Youngfurt,FL,68061,1955-12-05
694,William,Castillo,williamc@yahoo.com,8643856104,3582 Bryan Inlet Suite 437,East Christopher,MH,25814,2005-07-12
695,Brandon,Moran,brandonm@gmail.com,1470902918,92971 Thomas Mill Suite 674,Hollyburgh,WY,87234,2002-07-19
696,Victoria,Church,victoria.church@example.com,8638402112,89044 William Turnpike Apt. 043,Ochoaberg,MI,61013,1978-04-23
697,Scott,Gallagher,scott_gallagher@outlook.com,9713401434,036 Lyons Place Suite 007,Charleschester,MO,76703,1953-10-15
698,Shelby,Moss,shelby.moss17@outlook.com,8039700599,654 Taylor Burg Apt. 819,Victorchester,NE,69551,1953-05-13
699,Caitlin,Mason,caitlinm@outlook.com,9492715977,33890 Flores Cliff Suite 433,Allisonfurt,PR,60825,1964-03-28
700,Daniel,Munoz,dmunoz@yahoo.com,6306675763,8223 Mclean Court Suite 830,New Seanshire,NY,50419,1966-04-08
701,Brittany,Patton,brittany.patton@outlook.com,6671281396,6002 Angela Parks,Lake John,IL,83371,1987-10-07
702,Eric,Farmer,ericf@example.com,5485682717,6829 Best Place Suite 662,Berryhaven,WV,94419,1995-04-05
703,Heather,Davis,heather.davis37@yahoo.com,5152046632,993 Lee Ridges Apt. 840,South Scott,NE,63623,1999-07-19
704,Stephanie,Lewis,slewis@yahoo.com,8910494120,799 Rodriguez Extensions Apt. 535,Patrickborough,MP,32921,2007-12-22
705,Monica,Johnson,mjohnson@outlook.com,3715032445,98570 Latoya Station,North Michael,SD,85679,2000-02-12
706,Douglas,Johnson,douglas.johnson8@yahoo.com,3705466367,82835 Tammy Flats,Jordanberg,AK,37463,1973-05-10
707,Kimberly,Stevens,kimberlystevens@yahoo.com,5270765975,88545 Wong Spring Apt. 492,Taylorville,DE,54796,1965-05-25
708,Michelle,Phillips,michelle.phillips@example.com,1638951906,6700 Brooks Flats Apt. 498,Monicaberg,DE,67678,1965-03-12
709,Jason,Brown,jbrown@yahoo.com,1204644651,77878 Bridges Mews Suite 981,Port Cassandra,MI,32858,1946-10-11
710,Karen,Taylor,karent@outlook.com,2094399324,552 Thomas Underpass Suite 557,Wernertown,PW,23539,2006-11-13
711,Allison,Cruz,allisonc@yahoo.com,7080642952,36971 Deborah Freeway,East Kimberlyview,AS,49856,1956-03-25
712,Terri,Jones,terrij@yahoo.com,3579851478,2854 Ruiz Locks,East Davidmouth,PR,32493,1963-12-11
713,Susan,Kelly,susank@yahoo.com,4106627288,20325 Michael Ranch,New Davidshire,GU,65470,1993-12-21
714,Jennifer,Campbell,jennifer.campbell@example.com,2240985325,75686 Diane Knoll Suite 088,Alyssaview,ND,63729,1971-03-11
715,Timothy,Collins,timothy.collins@yahoo.com,9536924269,908 Stephen Junction,South Angela,SD,23339,1999-06-23
716,Jessica,Martinez,jmartinez@gmail.com,9344750423,0372 Lee Glen Apt. 080,Kellyview,NM,83139,1945-07-14
717,Edward,Smith,edward_smith@outlook.com,8175889840,67458 Jefferson Mews,West Cody,TX,94195,2006-01-01
718,Julie,Savage,julie.savage8@gmail.com,9474595857,33754 Kylie Inlet Suite 763,Stevenville,IN,48640,1968-07-07
719,Justin,Byrd,jbyrd@outlook.com,7455143584,861 John Ports,North Karen,MS,69538,1946-07-26
720,Kim,Ramos,kim.ramos@outlook.com,4996638069,190 Boyd Groves Suite 884,East Jamesland,AZ,42348,1984-10-23
721,Carlos,Floyd,carlosf@yahoo.com,6612753440,4783 Lynn Meadow Suite 842,Clineport,NV,36441,1975-04-09
722,Jacob,Berry,jacobberry@example.com,2200557743,1089 Michele Burg Apt. 193,South Jessica,MS,30787,1945-12-27
723,Penny,Ward,penny_ward@yahoo.com,9578363400,95516 Elizabeth Path,North John,ND,53327,1975-01-05
724,Sarah,Wood,sarahwood@example.com,0096679042,326 Cruz Ports Apt. 025,Port Sarah,NY,16514,1982-03-04
725,Robert,Reynolds,robert_reynolds@example.com,3963891340,48939 Lindsey Highway,South James,AK,85559,1959-09-30
726,Omar,Avery,omar_avery@yahoo.com,8035588491,66742 Harris Terrace Apt. 683,West John,TX,65385,1949-06-05
727,Frank,West,frankwest@gmail.com,1756658249,85006 Steven Center,Richardview,MS,32205,1976-12-04
728,Shannon,Rivera,shannonr@gmail.com,1506377695,8409 George Glen Suite 988,South Terry,AK,73990,1952-06-05
729,Jacob,Smith,jsmith@outlook.com,3790400403,748 Jackson Cliff,Mitchellbury,MT,33220,1982-06-03
730,Kara,Russell,krussell@gmail.com,8157251478,0276 Theresa Lane Apt. 561,Nashfort,VA,25454,1940-10-31
731,Amy,Mccall,amy.mccall98@outlook.com,8674109756,37943 Simmons Avenue Suite 934,West Ashleychester,GU,26031,1989-04-07
732,Robin,Chandler,rchandler@gmail.com,6203548027,5594 Rice Field,New Amyfort,OR,33676,1994-07-04
733,Mitchell,Hall,mitchellh@gmail.com,2089649673,645 Kristin Harbor Suite 955,Cookchester,SD,18298,1985-08-31
734,Cindy,Galloway,cindyg@yahoo.com,7100786263,0226 Jones Island Apt. 276,Lake Scottland,ME,30605,1998-02-18
735,Christopher,Johnson,christopher_johnson@example.com,8839868017,921 Smith Causeway,South Sharonberg,RI,15320,1990-01-21
736,Joy,Hamilton,joy_hamilton@yahoo.com,3372916386,2318 Lisa Loaf,Wolfeshire,ID,98632,1953-06-25
737,Tyler,Cervantes,tyler.cervantes90@outlook.com,9645758530,307 Jeffrey Springs,Harrisonstad,IN,16312,1981-09-26
738,Michael,Ryan,michael_ryan@example.com,0678837586,8565 Emma Extensions,Brendaburgh,OH,96048,2005-07-16
739,Jessica,Pittman,jessica.pittman94@example.com,5579932370,008 Jo Views,Scottbury,AS,64181,1957-04-02
740,Ashley,Bowman,ashley_bowman@yahoo.com,8839666462,294 Campbell Estates Apt. 286,South Amyborough,NM,05148,1949-01-20
741,Keith,Wood,keithw@example.com,5405578702,026 Lindsey Island Suite 637,Arianaborough,ND,79131,2007-09-16
742,Michael,Hudson,michael_hudson@outlook.com,4691606652,6125 Peters Tunnel Suite 298,Lisabury,TN,11986,1960-06-09
743,Darren,Lynch,dlynch@gmail.com,9294868190,965 Amber Canyon,North Kathleenmouth,WY,53468,1986-07-16
744,Timothy,Lopez,tlopez@outlook.com,6480451476,675 Kelly Stream Suite 497,Brownville,LA,66134,1973-10-16
745,Gregory,Davis,gregory.davis28@yahoo.com,1081054220,157 Keith Shoals Apt. 322,East Brianna,GU,51499,1981-10-06
746,Tiffany,Long,tiffanylong@outlook.com,2094468309,76107 Adam Crest Suite 580,East Dawn,TX,21746,1942-08-09
747,Pamela,Barrett,pamelabarrett@outlook.com,3027560938,446 Dixon Inlet,Youngchester,CA,13600,1978-01-02
748,Annette,Contreras,annette.contreras71@outlook.com,9897710676,15589 Williams Oval,West Lisamouth,SD,76503,2005-01-23
749,Greg,Allen,greg_allen@example.com,4306334740,476 Carrillo Crescent,Eugeneview,IL,25615,1991-10-21
750,Jane,White,jane_white@example.com,1757964308,74383 Randall Summit Suite 770,Kevinstad,WY,43763,1989-01-13
751,Elizabeth,Foley,elizabethfoley@yahoo.com,4417306264,01966 Lori Coves,Port Daltonfort,NC,42566,1986-01-07
752,Lisa,George,lisa.george@outlook.com,2015881914,526 Victoria Creek Suite 978,Jasonfurt,MH,90720,1974-11-27
753,Janet,Cochran,janetcochran@outlook.com,7261757414,890 Wiley Lake,South Jessica,NE,14920,1978-07-28
754,Eric,Figueroa,efigueroa@example.com,7769370632,5443 Philip Stravenue Apt. 249,Gordonland,MN,25904,1956-05-19
755,Darren,Myers,darrenm@example.com,8763197321,4496 Jessica Ville Suite 524,Sandramouth,PW,77208,1991-08-21
756,Arthur,Thomas,arthurt@outlook.com,6706555772,626 Brooks Throughway Apt. 547,East Davidside,DE,08460,1973-09-29
757,Michael,Williams,michael.williams89@example.com,4079525380,40614 Dean Estate Suite 216,South Amandashire,MD,28729,1978-12-10
758,Nancy,Wallace,nancy.wallace@gmail.com,0239462317,37769 Smith Cove Suite 043,Andersonburgh,CT,49824,1987-02-04
759,Sara,Harrell,sara_harrell@yahoo.com,2116069367,15652 Mcdaniel Via,Pamchester,IL,24502,1990-10-06
760,Matthew,Turner,mturner@yahoo.com,5070350660,1924 Julie Underpass,Charlesview,MO,76924,1967-08-06
761,Laura,Jones,ljones@yahoo.com,2360227185,295 Harris Wall Suite 573,Lake Amandaland,MA,44576,1965-02-28
762,Raymond,Johnson,rjohnson@example.com,2219914488,642 Richardson Gateway Apt. 505,New Anneland,AL,55984,1996-11-29
763,Thomas,Mccoy,thomasmccoy@yahoo.com,3284243818,1674 Seth Ways Suite 383,East Rebeccabury,AK,72539,1961-10-11
764,Jonathan,Perez,jperez@yahoo.com,2669295547,3717 Thompson Valleys Apt. 629,Lake Samanthaborough,MN,43023,1982-02-18
765,Kathy,Jordan,kathy.jordan@outlook.com,6316126048,33595 Anthony Brooks,South Tanya,AL,11187,1975-01-30
766,Lee,Koch,lkoch@example.com,2567666514,10004 Davis Ridges,Rachelhaven,AK,07097,1967-08-14
767,William,Rodriguez,william_rodriguez@gmail.com,8080133782,0448 Tina Fords Suite 464,Darrylborough,SC,23285,1948-08-04
768,Christopher,Young,christopher.young@yahoo.com,7758475240,691 Steven Green,West Bryanville,GU,84923,1971-10-05
769,Eric,Gutierrez,eric_gutierrez@outlook.com,3215329969,4738 Ayala Port,West Christopherberg,ID,78507,1996-04-23
770,John,Lawson,john_lawson@outlook.com,8119278091,011 Hernandez Ferry,Johnathanmouth,MH,92055,1999-03-03
771,Leslie,Reynolds,leslie_reynolds@yahoo.com,9801366069,31062 Christopher Courts,Valerieshire,HI,57465,1967-12-18
772,Angela,Colon,acolon@yahoo.com,3314237201,14065 Moss Freeway,North Donnafort,ND,93600,1997-05-19
773,Stacey,Anderson,staceya@outlook.com,6231517782,1380 Jennings Viaduct,Hooverville,TN,34998,2006-12-16
774,Holly,Ferrell,holly.ferrell@gmail.com,1202329307,66591 Holloway Circle,Roweport,MS,34935,1960-03-12
775,Joel,Marks,joel_marks@example.com,3982286214,8719 Booth Ports Suite 636,West Sergiostad,HI,19669,1970-01-10
776,Carolyn,Ayala,cayala@outlook.com,2192828887,36520 Fuller Glens Suite 667,Williamfurt,NM,53072,1966-04-12
777,Robert,Acevedo,robert.acevedo@gmail.com,0279779724,139 Bell Crossroad,Danielmouth,TX,12134,1981-09-03
778,Melissa,Fuller,melissaf@gmail.com,4854283574,3449 Michael Fort Apt. 592,Sandersmouth,DC,41679,1999-06-06
779,Sheila,Gomez,sheilagomez@outlook.com,9768818193,48026 Foster Curve,North Jenniferburgh,CT,07245,1945-07-12
780,Kim,House,kim_house@outlook.com,6860114724,0831 John Parkways Suite 009,New Amy,NH,17933,1972-05-17
781,Denise,Armstrong,darmstrong@yahoo.com,7771669316,5073 Powers Station Apt. 040,Lake Chase,AR,72190,1947-04-11
782,Kendra,Rice,kendra_rice@yahoo.com,6819765442,90967 Foster Trafficway,East Carly,MT,55064,1998-11-27
783,Steven,Ewing,stevene@outlook.com,0209214789,9768 Paul Points,Tuckerstad,CO,47899,1996-09-28
784,Sandra,Thomas,sandra.thomas67@example.com,2475464200,92137 Ford Cliff,West Ryantown,KY,65232,1995-02-19
785,Michael,Fisher,michaelf@example.com,7073096388,770 Brenda Locks,Lawrencefurt,NV,35894,1956-02-12
786,Derek,Massey,derek_massey@example.com,2585272714,79120 Miller Locks Suite 360,Haasborough,TN,70246,1964-12-07
787,Aaron,Carroll,acarroll@example.com,7487049131,6041 Hawkins Villages,Holmesville,WI,42493,1970-02-20
788,Kimberly,Bennett,kimberlybennett@gmail.com,2728389775,367 Phelps Point,South Paultown,IL,93948,2004-11-19
789,Suzanne,Freeman,suzanne.freeman@gmail.com,2958335999,114 Torres Mountains,Powellburgh,AK,96892,1940-09-22
790,Christopher,Fisher,christopher_fisher@yahoo.com,4054410481,959 Thompson Terrace Apt. 509,Tammymouth,TN,55469,1986-02-06
791,Matthew,Gonzalez,matthewgonzalez@outlook.com,6565550118,325 William Parkways,Melissaville,IA,40570,1943-04-03
792,Charles,Hernandez,charles.hernandez32@yahoo.com,6477984741,266 Olivia Key Apt. 884,Matthewtown,SD,63154,1996-07-06
793,Emma,Brock,emmab@outlook.com,9406361788,640 Cervantes Overpass Apt. 191,East Brittany,SD,66653,1984-12-17
794,Richard,Smith,richardsmith@outlook.com,2519440904,2450 Ashley Path Suite 290,Conniebury,MD,83212,2000-08-26
795,Kyle,Evans,kylee@example.com,3550337654,4939 Andre Route,Elliottside,MN,29000,1963-02-27
796,Stephanie,Hill,shill@gmail.com,5135153067,55035 Atkins Crescent Suite 507,New Kathleenborough,ND,07336,1981-11-18
797,Ronald,Williams,rwilliams@yahoo.com,1876697988,7097 Joshua Creek,Lake Melvin,CO,96920,1961-03-20
798,John,Schmidt,john.schmidt@gmail.com,5102155442,39051 Carlson Row,Sweeneyburgh,PR,99285,1978-06-28
799,Matthew,Jones,matthew.jones@gmail.com,7317240813,228 Watson Roads Suite 271,Lake Javier,OR,55818,1945-07-27
800,Jason,Lamb,jason.lamb@example.com,4938174474,50296 Alicia Mountain,North Melissaberg,WY,05351,2002-04-04
801,William,Clark,william.clark41@gmail.com,4531776828,38905 Amber Parkways Apt. 133,Michaelburgh,KY,59922,1978-07-28
802,Mark,Burch,mburch@example.com,3822498799,649 Travis Locks Apt. 338,Paulfurt,NH,71381,2004-01-08
803,William,Davis,william.davis25@gmail.com,2334994356,615 Donald Manors Apt. 174,Roseburgh,DE,38374,1975-07-28
804,Tammy,Cruz,tammy.cruz@yahoo.com,1987601573,471 Sandra Via Apt. 377,Davidstad,NH,97261,1941-10-11
805,Michael,Fuller,michaelf@outlook.com,0331482364,7254 Andrea Route,Mooretown,DE,50185,1981-04-14
806,Cody,Zimmerman,czimmerman@yahoo.com,5536601535,437 John Cliffs Suite 790,Whitebury,GA,92530,1967-01-09
807,James,Martinez,jamesmartinez@yahoo.com,4387830162,4209 George River Suite 515,Lake Robert,WV,28488,1974-08-15
808,Lisa,Avila,lisaavila@gmail.com,7234767485,8485 Martinez Track,Kristenside,IL,66785,1966-07-29
809,Andrew,Reilly,andrew.reilly52@outlook.com,4703318987,8330 Mcdaniel Mission Apt. 899,Lake Anthonyborough,NY,57773,1986-02-15
810,Shelly,Stevens,shellystevens@yahoo.com,1949676838,76874 Richardson Ford,North Mary,KY,41429,1987-03-07
811,Joseph,Lopez,joseph.lopez@yahoo.com,5060027648,22090 Debbie Mount Suite 574,Port Crystalfurt,IA,94204,1992-07-17
812,Scott,Klein,scottklein@outlook.com,5574886354,9416 Eric Ramp Suite 469,South Robertstad,WI,08680,1947-03-12
813,Robert,Torres,robert.torres82@outlook.com,1409483556,2009 Smith Trace Suite 670,Nicoleburgh,TX,84698,1969-04-06
814,Mark,Rodriguez,mark_rodriguez@example.com,4437259409,4116 Miles Spurs Apt. 466,Jamesbury,NV,77357,1977-04-18
815,Raymond,Heath,raymond.heath67@example.com,7887380074,8283 Sally Stravenue Suite 670,Port Martinburgh,DE,99088,1991-04-23
816,Erin,Marsh,erinmarsh@yahoo.com,7142390934,4453 Joanna Vista Suite 542,New Christinefort,MN,76476,1969-05-20
817,Ryan,Holmes,ryan.holmes30@example.com,4668966779,6890 Hogan Unions Apt. 030,West Christine,NJ,48273,1976-04-08
818,Jason,Ali,jason.ali42@example.com,7694575676,420 Lisa Ville,Port Denise,NJ,85935,1963-09-22
819,Stuart,Mills,stuart_mills@gmail.com,7316039703,1805 Joseph Parkways Suite 613,Jamesmouth,OH,87995,1956-06-09
820,Jacob,Rodriguez,jacob.rodriguez75@example.com,6981220698,11371 Moody Club Suite 618,Thomasland,VA,64244,1971-12-07
821,Angela,Curry,angela.curry@example.com,6446936044,7460 Joyce Extensions Suite 207,South Davidchester,IN,37810,2005-02-14
822,Russell,Spears,russellspears@example.com,0296069358,06826 Lloyd Gardens,Thompsonchester,MS,78128,2001-04-07
823,Emily,Sandoval,emilysandoval@gmail.com,0269068138,842 Sanders Place,East Charles,GA,10819,1956-08-18
824,Crystal,Campos,crystal.campos@outlook.com,0540025129,26222 Kim Lodge,Port Nancyfurt,AZ,95749,1965-03-26
825,Eric,Knight,ericknight@example.com,3856113959,156 Case Cove,Payneland,IN,90622,1951-08-08
826,Thomas,Thompson,thomasthompson@example.com,0273075728,37309 Chris Cove,Michaelton,DE,25269,1994-01-29
827,Stephanie,Roberts,stephanie.roberts10@yahoo.com,7432555258,132 Monica Station Apt. 287,Angelafurt,NY,75500,1991-10-10
828,Tina,Brown,tina.brown13@gmail.com,5764765523,07909 Garcia Estate Suite 482,East Jay,RI,63726,1957-07-15
829,Jillian,Williams,jillian_williams@example.com,0081070362,118 Lewis Glen Suite 890,Port Thomas,MO,04966,1982-05-09
830,David,Cline,david.cline54@gmail.com,7586631541,81589 Meghan Meadows Suite 686,South Martin,AK,50011,2001-03-14
831,Mary,Carter,marycarter@yahoo.com,4048093056,440 Damon Throughway Suite 545,West Ethanberg,RI,06682,1954-10-04
832,Jeffery,Oneill,jeffery_oneill@yahoo.com,7813877394,12597 Guerrero Mission Apt. 581,Clarkeville,VT,71402,1979-04-10
833,Kayla,Ryan,kaylar@example.com,5873885906,009 Michael Trace Suite 736,Keithville,ME,11839,1974-11-05
834,Paul,Jordan,pauljordan@example.com,2357536113,5052 Tracey Oval Apt. 255,Blackport,DC,85356,1946-02-01
835,Tyler,Guzman,tyler.guzman90@gmail.com,7366704556,109 Stanley Plaza Suite 128,Mooreshire,NH,09539,1982-02-05
836,Jamie,Jimenez,jamie_jimenez@example.com,5411912154,26951 Johnson View Apt. 271,Courtneyfurt,FL,65679,2001-03-05
837,Eric,Le,eric.le1@outlook.com,6358951563,191 Hernandez Cape,Ericafurt,MT,57311,1942-04-20
838,Frank,Clark,fclark@outlook.com,0681180114,648 Cameron Crescent Apt. 809,Lake Laurachester,MN,23575,1956-10-14
839,Ashley,Schneider,ashley.schneider@yahoo.com,9277526195,82794 Bridget Street Apt. 081,Sullivanchester,NE,48150,1988-08-12
840,Maria,Haynes,maria.haynes79@outlook.com,1343170504,422 Shane Lights,New Patricia,WI,20411,1964-06-17
841,Michael,Gay,michaelg@yahoo.com,8834311734,45320 Maynard Camp Apt. 495,Stevenmouth,ID,16220,1962-06-21
842,John,Reed,johnr@outlook.com,2884622468,0043 Weiss Extension Apt. 422,Johnsonburgh,AK,76388,1959-05-25
843,Regina,Lang,regina.lang@yahoo.com,0595968858,95267 Shirley Island,West Christine,MN,66811,1949-09-20
844,Ashley,Richardson,arichardson@outlook.com,5775372157,97176 Ricky Shoal,North Sarahport,MA,55418,1972-07-04
845,James,Gonzalez,jamesg@gmail.com,8132108503,15941 Weber Dam,Meganberg,IL,50666,1974-03-30
846,James,Sawyer,james_sawyer@outlook.com,2032809991,6176 Lloyd Trafficway Suite 108,Port Ronald,AK,69766,1957-02-13
847,Paul,Lopez,paullopez@gmail.com,0514617580,871 Sanders Station Apt. 415,Cooperberg,MN,05943,1965-09-13
848,Julie,Robles,jrobles@example.com,2787473397,099 Murphy Springs Apt. 001,North Sierrachester,PW,23854,1980-01-29
849,Katie,Pierce,katie.pierce26@outlook.com,1997774944,39536 Michael Cape,Oliverburgh,LA,43036,2004-09-20
850,Kim,Hayes,kimh@gmail.com,6525253009,7792 Martin Freeway,Whiteburgh,TN,71196,1940-10-21
851,Cindy,Hale,cindy_hale@yahoo.com,9060049251,324 Jacobson Station Apt. 581,West Carla,VT,17233,1956-07-05
852,Jennifer,Harris,jennifer.harris63@example.com,2091326331,958 Fox Landing Suite 542,Walkerfurt,OK,95887,1975-12-08
853,Mary,Cooper,mary_cooper@outlook.com,4050952316,9163 Moore Bridge,Rodriguezbury,LA,07595,1956-05-06
854,Joseph,Padilla,josephpadilla@example.com,4666485017,25513 Matthew Fords Apt. 757,Davidborough,GU,31020,1952-08-22
855,Tara,Long,tlong@yahoo.com,4739008323,477 Steven Expressway Apt. 202,New Cassidy,TX,13790,1964-03-03
856,Tara,Holder,tholder@yahoo.com,0467886379,60765 Christopher Island Apt. 180,New Wesleyhaven,MH,42447,1950-07-29
857,Kevin,Holland,kevinholland@yahoo.com,4789933675,46689 Brenda Ways,Lake Michael,MS,34987,1956-10-24
858,Melanie,Solomon,melanies@gmail.com,1661852415,50770 Green Shoal Suite 330,Donburgh,AR,23291,1956-03-26
859,David,Burgess,david.burgess64@outlook.com,8712080242,96936 Ian Highway Suite 871,West William,MA,51333,1955-07-02
860,Natalie,Smith,nataliesmith@yahoo.com,5009121602,26452 Austin Way Apt. 898,East Elizabethberg,NJ,11376,1953-02-28
861,Luis,Farrell,luisfarrell@outlook.com,6327297099,0299 Hannah Stream Suite 867,Lake Rogerstad,CA,55013,1951-01-04
862,Dustin,Clarke,dustin.clarke96@example.com,9032061885,090 Sarah Mountains,North Melissaport,WV,87151,1978-01-28
863,Jamie,Martinez,jmartinez@outlook.com,5639639605,52030 Phelps Fork Apt. 666,Aguilarfort,DC,90500,1955-09-26
864,Ryan,Clark,ryan.clark58@example.com,3438584506,99790 Ortiz Divide,Adamsside,NY,25847,1979-10-28
865,Sharon,Hernandez,shernandez@outlook.com,6658659478,3119 Anderson Locks Apt. 468,North Brian,KS,84241,1960-05-11
866,Shannon,Alvarez,shannonalvarez@outlook.com,9883068316,574 Nicholas Lodge,Lowefurt,DC,87436,1996-05-31
867,Matthew,Banks,matthewbanks@gmail.com,5561460390,52772 Hall Walks Suite 055,East Charles,PW,70584,1997-10-07
868,Nancy,Pugh,nancypugh@yahoo.com,0205017850,0902 Green Divide Apt. 968,East Veronica,ND,18676,1978-02-17
869,Spencer,Green,spencerg@outlook.com,3581193328,9475 King Common Suite 918,West Thomasstad,LA,84025,1989-04-06
870,Carlos,Lopez,carlos_lopez@outlook.com,2876993325,1851 Brian Parks Suite 278,New Jacob,IL,39856,1992-05-31
871,David,Finley,david.finley8@gmail.com,6902085986,038 Marquez Plaza,New Danaland,GA,36730,1989-10-15
872,Nicholas,Johnson,nicholas.johnson67@gmail.com,8163824234,7336 Karen Gardens,Sanfordfort,PR,06445,1975-01-14
873,Wanda,Cruz,wandac@yahoo.com,4997474583,94995 Jeffery Mountains Suite 894,East Karenburgh,WV,86860,1967-09-02
874,Samantha,Black,samantha_black@example.com,9961859630,451 Laura Row Suite 023,Westfurt,AK,09921,1947-06-03
875,Devin,Hunt,devin_hunt@outlook.com,7775163058,59121 Robert Street,North Seanville,IA,44542,1943-02-25
876,Darlene,Rush,darlener@gmail.com,1607311329,50033 Howard Cliffs,Samuelmouth,NC,31250,1992-12-05
877,Donald,Clay,donald.clay53@yahoo.com,0315147749,2615 Stephens Mill,North Cherylmouth,MT,82225,1975-10-12
878,Sandra,York,sandray@outlook.com,3051237628,7916 Carter Via,Erikaton,VT,33122,1988-07-23
879,Lee,Hansen,leehansen@yahoo.com,7636920307,236 Alexandra Prairie Apt. 197,Carlosville,OH,02342,1958-02-28
880,Benjamin,Carter,benjaminc@outlook.com,0716102149,3074 Klein Alley Apt. 959,Port James,PA,64650,1960-03-04
881,Amy,Mora,amy.mora75@example.com,0608898374,05480 Catherine Rue Apt. 522,West Kimberlyborough,VT,55425,1984-12-08
882,Nicole,Horn,nicole.horn@gmail.com,7584271554,551 Ryan Ports,New William,AS,15853,1990-07-04
883,Wendy,Martin,wmartin@yahoo.com,5032074693,8680 Eric Vista Suite 755,East Davidburgh,FL,40334,1970-05-12
884,Carol,Franklin,carol.franklin@outlook.com,5077631910,243 Vargas Lane Apt. 284,Reginaview,MP,02476,1966-11-06
885,Jacob,Obrien,jacob.obrien67@outlook.com,8926249693,103 Pruitt Village,New Katherine,IN,30416,1944-10-24
886,Pamela,Deleon,pamela.deleon8@example.com,6576356333,53928 Darrell Camp Apt. 118,South Eric,IN,83147,1994-08-24
887,Christopher,Jimenez,christopherjimenez@outlook.com,0169837067,5043 Carlos Extension Suite 951,Markborough,VT,19982,1970-03-31
888,Latoya,Hall,latoya_hall@gmail.com,4609421183,7553 Scott Corner Apt. 121,East Michelle,WI,64741,1966-11-08
889,Richard,Walters,richardwalters@example.com,6727548487,5851 Hardy Radial,Katherinehaven,WY,41300,1998-10-12
890,Patrick,Brown,patrick_brown@yahoo.com,8980451979,202 Ford Bypass Suite 437,Port Pamelafurt,SD,39185,1982-01-31
891,Roberta,Moore,robertam@outlook.com,5752479300,8183 Herrera Bridge,New Jennifer,ND,15578,1978-12-14
892,William,Farley,wfarley@outlook.com,6133931496,1329 Aaron Plain,Christopherberg,OK,13361,1954-09-24
893,Noah,Fry,noah.fry74@example.com,0985480928,1100 Teresa Manors Suite 963,Port Christophermouth,IL,77927,1953-07-17
894,James,Johnson,james.johnson81@gmail.com,6127203259,8921 Long Plains,North Dillonmouth,SD,71414,2007-06-05
895,Vanessa,Hernandez,vanessahernandez@example.com,4253380803,1205 Walker Track,New Maryland,NC,42549,1984-11-02
896,Robin,Lee,robinl@outlook.com,4164257057,483 Lopez Plaza,West Daniellefort,NC,79416,1957-05-19
897,Katherine,Campos,katherine_campos@yahoo.com,6299468089,196 Conrad Gateway,Lake Gabriela,SD,54673,1970-09-04
898,Lori,Alexander,lorialexander@gmail.com,7061673094,050 Cassandra Curve Apt. 214,Reyesfurt,CT,58085,1995-03-19
899,Harold,Watkins,harold.watkins@example.com,2794491392,6003 Smith Terrace,Duranburgh,PR,26113,1976-06-27
900,Christian,Meza,christian_meza@gmail.com,6197647411,4147 Hubbard Mill Apt. 294,Baileyberg,MA,70540,2006-05-27
901,Regina,Knight,rknight@yahoo.com,3252871054,238 Richard Cliffs,South Kathleenstad,NJ,72334,1947-07-21
902,Angela,Adams,angelaa@example.com,1707662707,92743 Palmer Fields,South Heatherbury,DC,47380,2000-03-12
903,Randy,Martinez,rmartinez@example.com,7281083332,091 Wilson Center Suite 736,New Jamesside,PR,85037,1975-08-21
904,Jeremy,Hood,jeremyh@yahoo.com,3183237727,19671 Smith Walk Apt. 594,Ramseyton,CA,79498,1971-02-05
905,Christian,Hall,christianhall@outlook.com,9264991188,890 Wells Turnpike Apt. 726,Lake Melissa,MI,89888,1983-08-10
906,Steven,Duran,steven.duran85@example.com,2981454449,212 Daniel Canyon,East Thomasbury,KY,10522,1967-09-13
907,Crystal,Brooks,crystal_brooks@example.com,0716391056,8787 Samuel Junctions Apt. 629,Lamberthaven,AS,62277,1994-09-19
908,Kimberly,Parker,kparker@outlook.com,0788187405,52810 Connie Mews,East Ericfort,CO,64979,2005-08-23
909,Kara,Pearson,kara.pearson45@example.com,7796919324,244 Jones Circle,Lake Juanport,KS,46002,1947-04-13
910,Cindy,Walker,cindyw@yahoo.com,9205539424,179 Charles Creek,South Stephen,OH,47677,1990-07-03
911,Todd,Powell,tpowell@gmail.com,0070561234,5376 Wiggins Trafficway,Richardchester,ID,26950,1986-01-03
912,Patricia,Whitehead,patriciaw@example.com,3512593479,2005 Sandra Lakes Suite 448,Cynthiaview,GU,45972,1957-04-03
913,Christine,Burton,cburton@yahoo.com,8303774424,231 Duran Circle,Richside,ND,34664,1954-12-12
914,Shane,Beck,shane.beck4@gmail.com,7373764603,35346 Stephanie Spur,South Ashleyview,MH,27748,1956-02-02
915,Ronald,Greer,ronaldgreer@gmail.com,2423873481,382 Dustin Spurs,West Mackenzieburgh,MT,50755,1942-10-07
916,Evelyn,Rios,erios@outlook.com,2197486408,1831 Johnston Crest,South Emily,AS,08660,1976-11-23
917,Patrick,Howell,patrick.howell31@outlook.com,7537400067,42104 Brittany Lights,Port Douglasside,KY,96851,1948-10-28
918,Kenneth,Young,kyoung@gmail.com,5964415173,65288 David Causeway Apt. 145,West Johnview,AR,33031,1990-06-20
919,Anne,Pearson,annepearson@outlook.com,1837765361,996 Mcfarland Tunnel Apt. 687,Danielberg,WV,40780,1970-12-18
920,Heather,Willis,heather.willis@outlook.com,3689647629,51034 Oconnor Trail Apt. 498,Taylorburgh,WY,68407,2006-06-13
921,Mary,Barnett,mary.barnett@outlook.com,2594601514,4373 Washington Forks Suite 089,Jessicaton,UT,94732,1959-02-13
922,Joseph,Lopez,joseph.lopez77@gmail.com,2377519723,266 Joshua Run,New Paultown,WV,84152,1989-12-06
923,Tyler,Allen,tallen@gmail.com,9320707333,6156 Nicolas View,Allenhaven,NE,12907,1986-08-09
924,Madison,Walker,madisonw@yahoo.com,3091582931,7230 Michael Wall Suite 131,Montgomeryborough,VT,22915,1942-08-22
925,Kelsey,Miller,kelsey.miller@outlook.com,1459155454,516 Cory Circle Suite 081,Sharonborough,MP,07376,1976-11-25
926,Jasmine,Anderson,jasmine_anderson@yahoo.com,2766734397,4039 Heather Dale Apt. 666,South Destinyburgh,MS,80196,1941-07-13
927,Alexandria,Estrada,alexandriaestrada@outlook.com,0867204399,483 Chen Hills Apt. 109,Danatown,DE,14972,1940-07-11
928,David,Allen,davidallen@example.com,4940911884,678 Cindy Flats Suite 955,New Melanie,KY,30579,2002-10-19
929,Andrea,Adams,andrea_adams@example.com,1562695958,0315 Janice Square,West Stephanie,MN,94272,1963-04-15
930,Lori,Franklin,lorifranklin@example.com,9395094399,42652 Jennifer Turnpike,Prattfurt,IL,58628,1990-08-22
931,Christine,Jordan,christine.jordan@outlook.com,5498234559,8964 Velez Falls,East Luis,KY,01240,1994-05-02
932,Logan,Johnson,logan.johnson86@outlook.com,0003184399,046 Kelsey Loaf Suite 484,Julieport,VI,21211,2002-02-28
933,Chelsea,Cooley,chelsea.cooley36@yahoo.com,5102283812,8642 Johnson Mission,West Meagan,KY,54514,2006-02-17
934,Karen,Cohen,karencohen@outlook.com,0215922297,05702 Ashley Station Apt. 717,Harrisonland,FM,33448,1950-06-15
935,Samantha,Duke,samanthad@gmail.com,9169069688,503 Miller Ridge Apt. 424,Meganburgh,GU,21606,1971-10-17
936,Patricia,Hutchinson,patriciahutchinson@outlook.com,5695029472,797 Edwards Parkway Suite 036,Olsonland,MD,36244,1942-10-17
937,Andrew,Burnett,andrew_burnett@gmail.com,5258207596,6098 Johnson Lake,Pattonshire,HI,18298,1993-05-24
938,Kendra,Ward,kendra_ward@gmail.com,1190892885,88521 Mendoza Locks,Jonathanmouth,HI,55127,1951-02-27
939,Latoya,Knapp,latoyaknapp@example.com,1869579804,20547 Jacqueline Lake,Andersonmouth,ID,42919,1964-10-19
940,Michael,Marshall,michaelmarshall@outlook.com,4132443621,19614 Ashley View,Brianland,TX,09477,1954-10-22
941,Amanda,Barrett,amanda_barrett@gmail.com,6659981319,289 Smith Avenue Apt. 210,Johnsonborough,NV,89423,1960-03-29
942,Billy,Weber,billy_weber@gmail.com,4398780989,1934 Anna Walks,East Sherylview,NY,93345,1954-05-14
943,Amy,Baker,amy.baker60@example.com,3265013771,485 Daniel Cliff,Hansenberg,VI,70519,1967-04-07
944,James,Camacho,james.camacho@gmail.com,8394364819,408 Sparks Loop Apt. 759,South Kim,RI,59131,1974-06-04
945,Tonya,Erickson,terickson@yahoo.com,7099552440,40769 Karen Ridges,New Jamestown,ME,67671,1950-09-21
946,Christopher,Frank,christopherfrank@example.com,4057811685,1215 Gregory Springs Suite 991,West John,HI,97458,1986-02-28
947,Steve,Morgan,steve.morgan@yahoo.com,0490057880,782 Smith Knoll Suite 333,Smithview,MI,03053,1965-09-23
948,Debbie,Williams,debbie.williams38@example.com,0254731076,89398 Wall Springs Suite 523,North Cynthia,WI,54202,1959-10-21
949,Sydney,Malone,sydney_malone@outlook.com,8349898240,753 John Plain Apt. 872,Yvettehaven,ME,10028,1946-05-13
950,Chelsea,Bradley,chelsea.bradley@example.com,1100310244,896 Walker Haven Suite 921,Lake Christina,CA,50659,1994-04-02
951,Shelby,Chavez,shelbyc@outlook.com,0209938006,390 Harris Knolls Apt. 641,West Matthew,TX,32083,1994-03-04
952,Patrick,Lynn,patrick.lynn40@example.com,8719118280,30463 Lucero Stream,Kristinashire,NJ,22730,1969-09-11
953,Jesus,Collins,jesuscollins@outlook.com,3309283828,47901 Louis Spur Apt. 043,Lake Michaelfort,VT,37190,1944-01-01
954,Laurie,Jones,laurie.jones@gmail.com,3810735414,303 Shawn Terrace Suite 493,Michelleport,GU,42809,2004-09-20
955,Laurie,Miller,laurie.miller74@yahoo.com,1853469944,660 Glass Skyway Apt. 959,Tuckerhaven,UT,33640,1948-01-28
956,Ricardo,Ward,ricardo_ward@outlook.com,5598057828,973 Jamie Meadows,Bryantmouth,LA,59391,1977-01-08
957,Harry,Ford,harry.ford@outlook.com,6972873081,065 Jacobs Wall Suite 398,North James,NY,52820,1947-06-19
958,Kenneth,Martin,kenneth.martin@yahoo.com,9242434102,7491 Stokes Neck,North Brandonbury,FL,61794,1996-02-26
959,Matthew,Mccall,matthew_mccall@outlook.com,9640113256,3355 Kathleen Squares Suite 615,South Melinda,NM,21338,2007-03-29
960,Kelly,Young,kellyyoung@example.com,4275359730,563 Katherine Spring,West Alexishaven,PA,75108,1943-08-09
961,Amy,Porter,amyp@outlook.com,7661234257,5061 Jane Meadows,Sharonshire,AZ,92436,1965-08-28
962,Emily,Taylor,emily.taylor@example.com,1562786286,2768 Wilkerson Terrace,North Nicoleburgh,MH,04897,1998-08-06
963,Michelle,Williams,michelle.williams61@gmail.com,5050740148,399 Dustin Bridge Apt. 832,Owensville,MP,14853,2006-11-29
964,Lauren,Sanchez,laurens@yahoo.com,9934152249,402 David Unions Suite 770,Brianberg,WV,19839,1977-10-10
965,Gregory,Johnson,gregoryjohnson@outlook.com,6402677266,19494 Harry Park,Lake Andrea,UT,69776,1965-09-28
966,Dennis,Fowler,dennis.fowler@yahoo.com,0181743793,49969 Stephanie View,Lake Jesse,PR,75966,1959-06-29
967,Daniel,Harris,danielharris@outlook.com,4794909326,307 Brandon Crossing Suite 924,Jacobborough,WV,32409,1992-08-08
968,Jonathan,Cunningham,jonathan.cunningham@example.com,4756995678,00512 Michael Tunnel Suite 700,Deniseburgh,MT,96453,1953-12-11
969,Brittany,Torres,brittany_torres@yahoo.com,6437707200,023 Brandon Fork Suite 728,East James,NJ,37925,1948-08-01
970,Kimberly,Howard,khoward@example.com,2855391722,441 Johnson Lodge,Jenniferbury,IN,10163,2007-03-23
971,Michael,Wallace,mwallace@outlook.com,8944622988,1448 Price Corners,Lake William,ND,37501,1943-09-15
972,Samantha,Wright,samantha_wright@gmail.com,8805210904,568 Stevenson Turnpike,Lake Katelyn,NV,71262,1951-12-26
973,Christopher,Liu,christopher_liu@example.com,9041246748,1908 Mary Mall Suite 073,Patrickborough,OK,93387,1946-04-02
974,Thomas,Sanchez,tsanchez@yahoo.com,3146404530,362 Allison Rue,Martinezbury,NC,44064,1953-04-14
975,Beth,House,beth_house@yahoo.com,8101541352,76255 Whitney Track,Rebeccatown,IL,74481,1986-04-01
976,Martin,Hudson,martin_hudson@outlook.com,0907207086,7836 Stout Estates Apt. 649,Janetfort,SC,11497,1943-07-06
977,Casey,Hill,casey_hill@outlook.com,1552479601,22086 Cole Plains Suite 398,Lake Jill,NE,84332,1989-11-15
978,Pamela,Anderson,pamela.anderson12@example.com,7038615358,94723 Kevin Canyon,West James,PR,88016,1987-06-08
979,Emma,Serrano,emmas@outlook.com,5521290304,9971 Sarah Haven Apt. 747,East Michael,NC,10089,1954-10-11
980,Carla,Mcbride,carla.mcbride79@yahoo.com,2613104740,85009 Betty Terrace Suite 353,North Valerie,IA,44722,1964-02-26
981,Adam,Schneider,adams@yahoo.com,1869753877,797 Shawn Keys Suite 442,North Christinebury,WV,05156,1955-06-05
982,James,Ramos,james.ramos@example.com,8190527333,79989 Jessica Mount,Lake Scott,IA,99908,1970-11-30
983,Marie,Larson,marie.larson@outlook.com,3239666769,9565 Shawn Plains,West Sarahport,NM,10485,1981-02-02
984,Evelyn,Ross,eross@outlook.com,1182614674,533 Teresa Valley,Oliviaport,IN,28588,1992-03-21
985,Rebecca,Robertson,rebeccarobertson@gmail.com,2577315012,8765 Brenda Key,North Davidfort,NE,24321,1968-02-05
986,Jonathan,Evans,jonathanevans@yahoo.com,2528864916,970 Scott Extension,West Brittany,SC,44784,1962-05-13
987,James,Becker,jbecker@example.com,8938858237,240 Rachel Tunnel Suite 885,Port Debrabury,NH,87410,1948-03-02
988,Daniel,Martin,daniel_martin@outlook.com,1013276051,353 Zachary Freeway,Lewistown,SC,79153,1988-02-20
989,Cameron,Wilson,cameronwilson@outlook.com,4511775129,44767 Madison Hollow,Lake Robert,RI,44470,2004-09-08
990,Tiffany,Bean,tbean@gmail.com,3426467694,072 Sandra Mission Apt. 463,Port Christopherside,FM,72527,1956-08-17
991,Jennifer,Martinez,jennifer_martinez@outlook.com,6014628275,0527 Perez Rest,Fostermouth,VT,42323,1947-07-02
992,Christopher,Bradshaw,christopherbradshaw@example.com,5064295960,40017 Christine Rapid Suite 418,Sparksside,MS,63091,1975-04-09
993,Crystal,White,crystal_white@outlook.com,4885578251,14143 Jeremy Falls Apt. 207,West Williamhaven,AR,11912,1961-11-19
994,Laurie,Hansen,laurie_hansen@outlook.com,9948224720,849 Vaughn Turnpike,Matthewland,AR,58183,1946-08-30
995,Glen,Lee,glenl@example.com,9215727624,0982 Laurie Club,North Randall,PR,86043,1951-07-23
996,Natalie,Young,natalie_young@outlook.com,3438169040,694 Michael View,Port Tony,WV,78871,1954-03-29
997,Brittany,Johnson,bjohnson@gmail.com,2928622862,9601 Dixon Expressway Suite 015,Mercadoburgh,NJ,82262,1979-09-04
998,Yvette,Clark,yvetteclark@yahoo.com,6720128467,8225 Newman Causeway Suite 776,Angelafurt,MT,98724,2004-04-19
999,Shannon,Stewart,shannon_stewart@yahoo.com,9856805133,3667 Erika Neck,Herreraside,MI,17080,2004-05-12
1000,Michelle,Schultz,michelle.schultz@gmail.com,9322715154,3085 Bryant Oval,North Richard,CA,25348,1985-08-05
1001,Micheal,Martin,mmartin@gmail.com,3923394435,6749 Davis Bypass Apt. 471,Timothyview,MD,07702,1964-03-23
1002,Deborah,Ramirez,deborahramirez@yahoo.com,4782019748,20308 Chen Streets,Lake Kimberlyborough,IA,63913,1964-05-23
1003,Ryan,Rivera,ryanrivera@outlook.com,3825407804,49901 Steven Rest,West Crystalview,DC,26889,1949-01-02
1004,Harold,Ruiz,harold_ruiz@gmail.com,2341652921,683 Melissa Village,Holttown,MS,56898,1948-08-29
1005,Thomas,Jimenez,tjimenez@gmail.com,3601613959,44507 Stuart Avenue,Lake Michaelfort,RI,91074,2008-01-16
1006,James,Stewart,james.stewart@yahoo.com,5618707822,70487 James Springs Suite 006,Jayburgh,MP,10257,1963-03-20
1007,John,Conway,john.conway30@outlook.com,3943747432,1013 Kevin Estates,Barbaraville,VI,78155,2003-01-11
1008,Susan,Vaughn,svaughn@example.com,1790041287,4342 Jonathan Flats Apt. 165,Danielleton,PA,71551,2000-04-11
1009,Julie,Frost,julie_frost@yahoo.com,9847472589,6220 Garrison Tunnel Apt. 039,North Williamton,ND,65222,1958-11-18
1010,Daniel,Phillips,dphillips@yahoo.com,0015495900,1879 King Port,Jasonmouth,NH,83909,1991-01-05
1011,Felicia,Bishop,feliciabishop@gmail.com,0694192217,0728 Adams Locks,North Dylan,AK,31758,1962-12-14
1012,Eric,Perez,ericperez@gmail.com,2027202542,981 Elizabeth Union Suite 444,Georgeburgh,WV,11810,1955-06-09
1013,Kimberly,Brown,kimberly.brown66@outlook.com,4355238390,67605 Gina Island,North Mary,ND,76951,1999-07-21
1014,Michelle,Carlson,michellec@gmail.com,8942520486,04390 Williams Canyon Apt. 336,East Davidmouth,FL,30503,1969-05-08
1015,Ryan,Nelson,ryannelson@gmail.com,5679703612,5142 Michael Fall Suite 790,Julieville,PR,99560,1959-09-18
1016,Emily,Rodriguez,emily_rodriguez@gmail.com,4130003783,559 Hudson Wells,Carlsonland,IA,72584,1945-02-26
1017,Crystal,Russell,crystal.russell@yahoo.com,3777519421,863 Gerald Burgs,East Seanmouth,MA,71202,1991-01-22
1018,Hayley,Blevins,hayleyblevins@example.com,7740558411,86136 Natasha Knoll Suite 326,West Victor,WA,62115,1986-01-06
1019,Erin,Stewart,estewart@gmail.com,3270244405,03334 Lori Locks,Stevenberg,SD,43550,1999-01-15
1020,Jessica,Flores,jessica.flores50@outlook.com,4240502911,795 Mora Bypass Suite 618,Kimhaven,GU,01316,1946-07-25
1021,Vincent,Singleton,vincent.singleton@yahoo.com,3013549220,8018 Jasmine Circle,Jonesshire,MA,11747,1956-10-29
1022,Vanessa,Smith,vanessa.smith65@gmail.com,5827819885,495 Stewart Roads,Lake Laura,AS,60003,1979-05-27
1023,Terri,Anderson,terri.anderson79@gmail.com,6605580029,15166 Michelle Viaduct,West Michaeltown,ME,87981,1997-08-18
1024,Cesar,Clark,cesar.clark45@outlook.com,9718479631,4453 Yang Views,Braunshire,MS,36640,2001-10-12
1025,Sherri,Sullivan,sherris@example.com,8708200213,22721 Heather Turnpike,Port Melissa,RI,86041,1954-11-20
1026,Micheal,Davis,mdavis@outlook.com,3812049037,58924 Salazar Skyway Apt. 407,Lake Hannahmouth,MP,99375,1963-09-14
1027,Ronald,Martinez,ronaldmartinez@gmail.com,6458122108,6216 Billy Ports Suite 811,Walkermouth,ND,52015,1965-11-15
1028,Anthony,Campbell,anthonyc@gmail.com,4266266187,39137 Roberts Avenue Suite 882,New Tony,VT,52815,1953-01-17
1029,Valerie,Wiley,vwiley@outlook.com,5964544837,87209 Kathleen Views Suite 385,North Diane,OH,04282,2001-12-12
1030,Rebecca,Mccarthy,rebecca.mccarthy92@yahoo.com,1532228701,66941 Hernandez Grove,Karenville,KY,90417,1959-12-16
1031,Ruth,Anderson,ruth.anderson90@gmail.com,0964456872,48263 Richard Union,Lynchland,WI,18025,1952-07-27
1032,Ashley,Watson,ashley.watson38@outlook.com,8243872408,217 William Roads Apt. 749,Yanghaven,NJ,84133,1960-05-13
1033,Marilyn,Beck,marilynbeck@gmail.com,1027930475,5821 Hayes Views,West Williamview,VI,86257,1961-09-08
1034,Ryan,Lee,ryan_lee@example.com,3886632486,0254 Webb Ridge Suite 246,East Davidfurt,MI,40888,1952-11-30
1035,Alicia,Hughes,aliciahughes@example.com,3828635962,947 Anthony Pike Apt. 574,Bishopview,AS,31660,1981-06-22
1036,Laura,Cook,laurac@gmail.com,1390471846,10930 Michael Knoll Suite 591,North Petermouth,CT,68544,1973-04-24
1037,William,Lucas,william.lucas26@outlook.com,6033698457,5451 White Prairie,North Haleyport,KY,10571,1973-09-25
1038,Rachel,Hanson,rachel.hanson@yahoo.com,6777538432,01232 James Trail,South Nicoleshire,NV,28715,1942-01-13
1039,Clifford,Gordon,clifford.gordon70@yahoo.com,3167969556,001 Smith Center Suite 260,Port Jason,MI,54705,1992-06-12
1040,Robert,Esparza,robertesparza@outlook.com,2308238723,29435 Peters Bridge Apt. 379,New Wayne,OK,09906,1966-01-15
1041,Christopher,Cruz,christophercruz@outlook.com,1642570011,379 Joseph Overpass,New Troyhaven,AZ,51587,1941-05-17
1042,Christopher,Roberts,christopherroberts@example.com,0111656728,89658 Jenna Village Suite 426,Lake Ashleybury,MI,09481,1976-12-12
1043,Anthony,Copeland,acopeland@example.com,6594516619,9653 Wright Haven,Sandersfurt,GA,61247,1967-07-29
1044,Robert,Smith,robert.smith31@example.com,4892225786,62610 Joshua Station,New Nancyburgh,PA,33861,1980-01-27
1045,Nicole,Diaz,nicole_diaz@example.com,1516372581,35957 Erica Creek Suite 850,North Lindaland,LA,02968,1968-02-13
1046,Amanda,Smith,amandas@yahoo.com,5216651433,3476 Blackburn Point Suite 388,Moorefurt,VA,83039,1973-11-13
1047,Jonathan,Contreras,jonathan.contreras88@gmail.com,5098839519,7197 Scott Streets Suite 652,Lambertview,IL,79177,1986-12-13
1048,Gregory,Weeks,gregoryw@outlook.com,7491526841,953 Alvarez Route,North Jameston,MI,70355,1994-03-17
1049,Calvin,Smith,calvin.smith26@example.com,6342375452,7060 Johnson Rapids,Brittanyborough,ND,11302,1944-04-07
1050,Eric,Cole,ericcole@outlook.com,4337126788,2865 Patrick Haven Suite 772,Oneillfurt,VI,28124,1991-06-13
1051,Juan,Hatfield,jhatfield@yahoo.com,0602055671,61400 Sherry Ports Apt. 503,Lake Shane,OK,59153,1960-03-16
1052,Amanda,Morrison,amandam@example.com,9277439884,85872 Jessica Spring Apt. 501,Port Vanessa,ND,88782,2005-09-10
1053,Edwin,Anderson,edwinanderson@example.com,8614256386,497 Alexander Walk Apt. 464,North Elizabeth,ND,57846,1979-04-26
1054,Brandi,Jackson,bjackson@outlook.com,2122494291,5977 Thomas Wall Suite 595,Sarahborough,SD,50029,1975-08-22
1055,Kelly,Moran,kellym@outlook.com,8304234564,77930 Jones Island Suite 893,Wilsonshire,CO,32625,1999-12-17
1056,Paul,Johnson,pauljohnson@yahoo.com,4936011186,14783 Gary Knoll,Port Tamarashire,VI,91310,1953-07-25
1057,James,Young,james_young@yahoo.com,2407270889,28974 Carey Freeway Suite 488,South Dennis,IA,28158,1958-08-04
1058,Derek,Pruitt,dpruitt@gmail.com,6903736695,6513 Stephenson Road,South Eric,ME,73516,1985-07-22
1059,Jessica,Hale,jessicah@example.com,7738861225,87127 Jenny Corners Apt. 836,Lake Lisaville,NE,16449,1953-07-15
1060,Jeffrey,Spencer,jeffrey.spencer@outlook.com,5524864122,00747 Kelly Stream Suite 321,Lake Karen,SD,40024,1956-06-21
1061,Eric,Gray,ericgray@outlook.com,1183526567,3612 Derek Mount,Jonesmouth,NH,74542,2005-09-27
1062,Ronald,Wagner,ronald.wagner@gmail.com,5290893301,186 Williams Roads,Port Amberville,ME,74315,1958-10-11
1063,James,Morrison,jamesm@gmail.com,9436388384,9709 Jennifer Court Apt. 819,Robertoburgh,SC,54632,1956-05-15
1064,Rodney,Yates,rodney_yates@gmail.com,1167403398,21471 Martinez Inlet Apt. 921,Port Thomasborough,NJ,53623,1985-02-08
1065,Jamie,Kidd,jamiekidd@yahoo.com,5487651318,049 Payne Vista,North Amanda,NE,47003,1985-10-04
1066,Chad,Wolfe,chadw@example.com,0096267493,36766 Cassandra Village,Williamsonchester,HI,88176,1970-05-12
1067,Sandra,Gonzalez,sandra_gonzalez@example.com,2247396690,00866 Thomas Fork Apt. 095,East Benjamin,VT,39807,1952-11-13
1068,Rachael,Reynolds,rachaelreynolds@outlook.com,6085116178,939 Pope Manor Suite 806,Mathisview,CO,11559,1979-09-17
1069,Nancy,Vaughan,nancyv@yahoo.com,5484089355,472 Wells Courts,Kimberlyfort,OH,54169,1951-09-24
1070,James,Gross,jamesg@outlook.com,6649511757,342 Keith Underpass Suite 938,Farmerton,MI,13739,1987-12-06
1071,Jose,Ramirez,jose.ramirez17@outlook.com,2877606168,6669 Williams Wells,Wilsonstad,CO,65952,1955-06-28
1072,Michele,Ward,michele_ward@outlook.com,3838660464,020 Christopher View,Heathermouth,WA,43520,1962-01-12
1073,Brenda,Roberts,brendar@outlook.com,9079713330,79700 Nancy Point,Coreymouth,AZ,35549,1959-12-18
1074,Aaron,Kim,aaron.kim27@gmail.com,3856900728,655 Jensen Forks Suite 830,South Jeromemouth,CA,31753,1977-04-23
1075,Darlene,Johnson,darlene.johnson8@yahoo.com,7944314213,9798 Robert Roads Suite 273,Lake Gina,WA,06183,1983-12-19
1076,Anthony,Lawson,anthony_lawson@yahoo.com,3215718161,08158 Matthews Flat Apt. 423,Loritown,OH,48587,1960-12-16
1077,Sophia,Schwartz,sophias@outlook.com,7513677803,119 Rebecca Knolls,Brownbury,TX,16361,2007-02-22
1078,Brenda,Sullivan,brendasullivan@yahoo.com,2464799229,643 Barton Freeway,Smithborough,FM,16665,1955-10-01
1079,Andrew,Buck,andrewbuck@yahoo.com,0928782221,555 Livingston Spurs,Scottport,CO,73354,1970-06-22
1080,Denise,Park,denise.park@gmail.com,7414076481,4999 Gilbert Spring Apt. 609,Jamesland,FL,77702,1947-08-26
1081,Anthony,Espinoza,anthonyespinoza@gmail.com,2594013102,9562 Thomas Ridge,Port Kristaton,MT,96487,1997-08-01
1082,Roger,Carroll,roger_carroll@yahoo.com,8913348443,9517 Jacqueline Junctions Apt. 116,New Jorge,KS,77756,1972-02-25
1083,Jennifer,Coleman,jennifer_coleman@yahoo.com,8177326800,8238 Freeman Ferry,South Kim,IL,65150,1954-04-03
1084,Shelly,White,shelly.white71@example.com,5711355486,195 Nixon Track Suite 967,Castillofurt,TX,84917,2004-04-22
1085,Tammy,Smith,tammy_smith@gmail.com,6642921840,76315 Timothy Mills,Chavezstad,VA,70649,1978-07-09
1086,Jennifer,Brown,jennifer.brown@yahoo.com,0527994367,086 Michelle Brook Apt. 683,West Carlosfort,NH,46693,1956-10-15
1087,Sabrina,Reed,sabrinareed@yahoo.com,5247612695,01210 Andrea Street,Lake Jessica,NC,22921,1990-09-16
1088,John,Caldwell,john.caldwell@yahoo.com,4490458585,9675 Miller Meadows,North Aliciastad,KS,56208,1975-02-17
1089,Lisa,Gordon,lisa_gordon@gmail.com,6397021242,853 Stephanie Knolls Suite 897,Brockton,MS,97375,1955-09-30
1090,Cindy,Kim,ckim@example.com,2834731912,48357 Adam Groves Apt. 608,Johnbury,LA,71462,1999-07-26
1091,George,Farley,gfarley@outlook.com,0013793214,528 Hughes Glen Suite 362,Marcusberg,CA,88214,1951-12-13
1092,Deborah,Gilbert,deborahg@gmail.com,9324615984,805 Watts Point,Nicholasfurt,AK,17068,1979-04-14
1093,Thomas,Jones,thomasj@example.com,7516314418,991 Blake Locks,Lindastad,NY,59178,1987-02-24
1094,John,Diaz,johndiaz@example.com,6147987439,6180 Weiss Ramp,Port Masonburgh,IN,60578,1993-10-22
1095,Gina,Kelley,gina_kelley@example.com,1443460548,0477 Anna Shoals Apt. 583,Bondberg,NV,62647,1980-01-14
1096,Steven,Holmes,stevenholmes@yahoo.com,6630106361,85990 Williams Square Apt. 285,Port Ashley,AL,78030,1948-11-01
1097,Tommy,Whitehead,tommy_whitehead@outlook.com,6114502102,77261 Caitlin Ramp Apt. 344,East Brittanymouth,WI,90796,1941-08-23
1098,Jennifer,Fuller,jfuller@yahoo.com,8621301279,7212 Smith Underpass,East Maryburgh,AZ,36685,1978-03-17
1099,Nicholas,Mcdonald,nicholasmcdonald@outlook.com,7858559467,6430 Meyer Mews Apt. 085,Sarahchester,IN,79534,1994-11-01
1100,Haley,Hartman,haley.hartman@example.com,1697530098,065 Carlos Extensions,Jaredmouth,MO,46209,1966-01-26
1101,Samantha,Norton,samanthan@gmail.com,1648496347,922 Ashley Well Suite 237,Robertport,ND,63306,1966-04-25
1102,Robert,Smith,roberts@gmail.com,8917242566,9413 Colon Route Suite 952,Fergusonfort,IA,66709,1968-05-01
1103,Timothy,Huber,timothy.huber@gmail.com,9679213082,980 Brooks Parks,New Melissaburgh,PA,01568,1984-02-09
1104,Suzanne,Kelley,suzannekelley@yahoo.com,7423875723,7523 Lauren Divide Suite 796,Bellland,VT,31459,1991-07-30
1105,Joseph,Castillo,josephcastillo@gmail.com,0133163780,954 Cynthia Junctions,Jenniferchester,MI,79753,1984-06-29
1106,Shane,Clark,shane.clark54@gmail.com,4007678104,25921 Carter Trafficway,South Patriciaside,NM,94307,1957-03-15
1107,Nicole,Bell,nicoleb@gmail.com,4931851188,29146 Patty Grove,North Rebecca,UT,91992,1972-06-22
1108,Alyssa,Thompson,alyssa.thompson@gmail.com,5149569339,1721 Salinas View Apt. 982,East Amy,GA,85270,1989-03-17
1109,Jennifer,Graham,jgraham@yahoo.com,9667181300,6169 Cole Curve Suite 892,New Markview,PW,95749,1964-06-08
1110,John,Bailey,johnbailey@gmail.com,4665290888,096 Paul Via,Elizabethfort,OH,19692,1993-06-23
1111,Erica,Beck,ebeck@outlook.com,0978698507,2841 Brooks Village Suite 103,Victoriafort,MT,64009,1976-02-24
1112,Laura,Cruz,laurac@gmail.com,1332529181,78243 Fernandez Heights,North Tamaraborough,OH,89296,1978-04-23
1113,Benjamin,Hernandez,benjaminhernandez@gmail.com,2918150213,2456 Mclaughlin Lane,West Nathanport,VT,92392,1975-03-11
1114,Jesse,Daniel,jessed@yahoo.com,2587958534,39326 Leblanc Extension Apt. 417,East Joan,IN,13386,1971-12-19
1115,Richard,Dunn,richard_dunn@yahoo.com,2643350846,9955 Cox Viaduct Apt. 134,Tonyhaven,MN,54666,1949-04-30
1116,Sean,Black,seanblack@example.com,8612503065,391 Peterson Parkway Suite 304,West Donald,ME,35482,1962-02-15
1117,Marissa,Brock,marissa.brock10@outlook.com,8222035798,4001 Barry Gardens Apt. 385,Port Amandachester,LA,30798,1998-04-30
1118,Jamie,Woodward,jamie.woodward@example.com,0349946049,23863 Brian Turnpike Suite 999,North Mary,NV,97367,1969-12-03
1119,Cheryl,Everett,cheryl_everett@example.com,5994992967,81954 Brenda Ridge Apt. 907,Derektown,GA,78143,1982-08-23
1120,David,Perez,davidp@gmail.com,6769352544,16331 Charles Port Suite 670,North Susanborough,WA,61057,1964-07-22
1121,Katie,Serrano,katieserrano@yahoo.com,0963043208,77375 Hart Orchard,West Garyton,PA,47221,1943-10-26
1122,Tammy,Spencer,tammy.spencer@yahoo.com,2330574300,845 Jeremy Court Apt. 775,Timothyport,SD,90135,1969-02-04
1123,Ashley,Rivera,ashley.rivera81@gmail.com,1115679402,48514 Paul Road,Port Julia,AR,92645,1942-03-14
1124,Steven,Collins,steven_collins@yahoo.com,0813338762,8475 Sandra Club Apt. 035,Jeremyhaven,NY,97277,1962-10-21
1125,Tyler,Williams,tylerw@example.com,0085849879,093 Crawford Mills Suite 791,New Jessicaborough,VI,84959,1983-09-23
1126,Alan,Sanchez,asanchez@gmail.com,1251723384,91230 Jones Radial,South Gregory,ND,76482,1950-10-28
1127,John,Anderson,john.anderson@gmail.com,6073778922,29210 Moore Land Suite 172,New Michaelside,PW,07161,1951-04-08
1128,Paul,Foster,paul_foster@example.com,1696391806,85186 Andrade Lights Suite 227,Margaretton,SD,82379,1983-07-04
1129,Connie,Gibson,conniegibson@gmail.com,7428727660,8148 Nielsen Plains,New Ronaldview,FM,50928,1961-01-01
1130,Mary,Valencia,maryvalencia@yahoo.com,6984502121,6780 Fletcher Knolls Apt. 724,Natalieburgh,CA,75246,2006-08-25
1131,Caleb,Shelton,caleb.shelton48@gmail.com,3877131804,617 Wright Isle Suite 105,Lake Stevenberg,AL,57680,1993-06-05
1132,Brian,Garner,brian.garner18@gmail.com,0852361843,01482 Maria Square,Andrewmouth,NC,04867,1957-12-29
1133,Pamela,Ali,pamelaa@outlook.com,2955165611,1247 Jennifer Ville,South Brandi,MN,47169,1986-04-04
1134,Wendy,Downs,wendy_downs@yahoo.com,5114513617,1311 Matthew Underpass Suite 554,Johnsonport,DE,10775,1963-12-11
1135,Bryan,Hunt,bryan_hunt@gmail.com,5892087401,1055 Kevin Rapids,North Kimberly,PR,37272,1989-04-02
1136,Rodney,Gallagher,rodney.gallagher@gmail.com,2885218365,0054 Hamilton Radial Suite 104,Smithbury,AR,92263,1968-07-21
1137,Margaret,Dunn,margaret_dunn@yahoo.com,2584916111,5775 Sandra Run Apt. 348,Jamesberg,FL,77108,1982-06-22
1138,Justin,Oneal,joneal@yahoo.com,5934604453,16336 Davis Loop,New Ryan,VA,80969,1943-11-18
1139,Lisa,Brown,lisabrown@outlook.com,8418765629,9748 Brittany Coves Suite 806,Cooperbury,OH,96531,1943-07-04
1140,Steven,Sanchez,steven.sanchez@outlook.com,6458764065,6645 Vang Highway Apt. 893,Crystalberg,RI,37634,1969-09-29
1141,Spencer,Chambers,spencerc@outlook.com,5097670086,210 Lori Drives Apt. 088,Courtneymouth,NH,28948,1964-09-29
1142,Tamara,Brown,tbrown@yahoo.com,7942057545,59761 Julie Pass,Loriside,PR,76361,1984-07-13
1143,Deborah,Dennis,deborahdennis@yahoo.com,7337864343,06516 Gutierrez Burg,Port David,ND,35249,1983-08-17
1144,Colleen,Scott,colleen_scott@yahoo.com,3269686204,2105 Joshua Parkways Suite 433,East Scottview,NY,10930,1949-01-30
1145,Eugene,Small,eugene_small@example.com,7084438559,138 Edward Village,North Daniellemouth,WY,70449,1999-12-04
1146,Edward,Dawson,edward.dawson@example.com,2471916884,01208 Holly Causeway,Port Cody,WA,44629,1946-07-22
1147,Edward,Wright,ewright@yahoo.com,9698534678,5138 Gonzalez Drive,New Heather,ME,55363,1976-04-01
1148,Jeffrey,Green,jeffreygreen@outlook.com,6442571882,2889 Jenkins Estate Apt. 828,Davenportfort,IN,06789,1990-11-04
1149,Tammy,Lawrence,tammy_lawrence@yahoo.com,3511794697,385 Davis Valley Suite 808,Evansstad,NM,01929,1951-06-18
1150,Nathan,May,nathan.may@yahoo.com,6650729370,498 Wade Lodge,North Jacobville,AK,94266,1951-07-23
1151,Tina,Clements,tina.clements@example.com,7877701222,174 Montes Squares,Glennbury,IL,20271,2000-11-20
1152,Ashley,Lee,ashley.lee74@example.com,9921422076,991 Sarah Center,Crystalshire,MD,61413,1980-10-17
1153,Kimberly,Campbell,kcampbell@outlook.com,0639182264,588 Diana Plain Apt. 350,Port Masonshire,OK,87492,2007-10-20
1154,Mary,Horton,maryh@yahoo.com,5710554790,163 Wallace Plaza,North Kathy,IN,83407,1942-10-27
1155,Kimberly,Cannon,kimberlycannon@example.com,0299674120,8709 Jimenez Creek Suite 250,Lucasland,TX,93083,1997-02-18
1156,Paul,Jones,pauljones@outlook.com,7652881766,1268 Joyce Point Apt. 508,Port Caroline,MS,24800,1991-01-11
1157,Charles,Williams,charlesw@outlook.com,2514751979,66049 Pamela Junction,Marshallfurt,NV,92907,2007-10-31
1158,Shannon,Scott,shannon_scott@gmail.com,0151937033,9591 Dennis Fall Suite 431,South Lauren,AL,71433,1975-04-26
1159,Jessica,Schultz,jessica.schultz46@example.com,5885789275,828 Garrett Lakes,Patrickborough,TN,14868,1997-08-08
1160,Joshua,Baldwin,joshuab@gmail.com,1653521406,203 Alexis Loop,Port Gary,FL,01636,1957-11-24
1161,Allison,Park,allison.park50@yahoo.com,7097118347,0887 Greer Circle,West Joseph,ID,50892,1977-06-17
1162,Samantha,Hopkins,samantha.hopkins85@yahoo.com,7597149573,935 Richards Road Suite 810,Keithville,PR,63138,1995-07-27
1163,Paul,Baker,paul_baker@gmail.com,6546333316,66160 Collins Terrace,Rileyside,AK,88724,1969-10-14
1164,Janet,Cook,jcook@outlook.com,6354361888,9527 Hector Shoals,Martinezville,PR,11137,1979-03-08
1165,Sarah,Mata,sarahm@gmail.com,4169098881,4915 Lopez Stravenue,Palmerfurt,WY,07419,2000-04-25
1166,Anthony,Boyd,anthonyb@gmail.com,3851535234,7619 Stephens Stream Apt. 703,Lake Gloria,MT,80842,1995-02-26
1167,Kaitlyn,Salazar,kaitlyns@example.com,2178747305,96435 Paul Cape Apt. 529,Alvaradofort,VA,63559,2002-10-24
1168,Travis,Brown,tbrown@gmail.com,7781313638,21786 Ward Drive Suite 800,North David,DC,81699,1949-06-04
1169,Melanie,Galloway,melaniegalloway@example.com,5976048472,8039 Steven Fall,New Donald,GA,13480,2002-11-19
1170,Joshua,Hudson,joshuah@example.com,2681675022,3961 Contreras Track Apt. 809,Johnsonside,PA,82102,1995-10-21
1171,Scott,Holmes,scott.holmes@gmail.com,5780921061,4525 Green Walks Apt. 621,Nicoleport,CA,45981,1969-07-06
1172,Lisa,French,lisaf@example.com,5578544842,11704 Lopez Landing Suite 173,Alexanderville,IL,81275,1971-05-18
1173,Julia,Ramirez,julia_ramirez@outlook.com,9856290278,95701 Dave Hills Apt. 301,Lake Deborahtown,FM,71408,1981-01-31
1174,Jason,Orozco,jasono@outlook.com,5718779452,2495 Butler Points,South Patrick,IA,70555,1974-03-21
1175,Sean,Conner,sean.conner50@example.com,1198449415,17516 Christine Divide,Pierceburgh,CA,54734,1973-10-22
1176,Margaret,Smith,msmith@yahoo.com,7918385195,793 Joshua Crossroad,Riggsmouth,NM,77234,1993-06-04
1177,Brittany,Cordova,brittany_cordova@example.com,8154716238,347 Watkins Roads,Cherylhaven,CA,86296,2000-11-25
1178,John,Wilcox,johnw@outlook.com,2597134766,989 Christensen Summit Suite 923,Lisachester,MI,70579,1952-12-10
1179,Thomas,Arnold,thomasa@gmail.com,3649989429,7028 Welch Trail Suite 583,Lake Thomas,NC,38852,1964-12-31
1180,Mariah,Gutierrez,mariah.gutierrez50@outlook.com,9918149830,7003 Frazier Prairie,Kevinfurt,KS,06885,1967-06-23
1181,Kristin,Ball,kball@example.com,6173354677,8500 Mora Point Apt. 149,North Debrafurt,PR,18042,2005-10-18
1182,Rachel,Henderson,rachel.henderson@example.com,4875510745,8952 Sean Estate,East Matthewburgh,NE,73891,1992-03-31
1183,Melvin,Williams,melvinw@yahoo.com,1679616219,78306 Smith Center,Gloverfort,NJ,94302,2005-07-05
1184,Darren,Clark,darren.clark69@yahoo.com,2273906385,41555 Juarez Plains Apt. 212,South Michelle,UT,33008,1955-12-26
1185,Anna,Silva,annasilva@gmail.com,3538298046,28091 Garcia Alley,Port Thomas,CO,06353,1994-11-18
1186,Jennifer,Weaver,jenniferw@outlook.com,5740770736,395 Linda Isle Apt. 032,South Brucestad,NM,12980,1956-10-17
1187,Rhonda,Bell,rbell@gmail.com,5864128583,73908 Lynch Spur,West Yvonne,MH,89794,1991-11-29
1188,Julia,Robinson,jrobinson@yahoo.com,5523753206,826 Keller Stravenue,Chenside,NC,65831,1985-12-21
1189,Meghan,Johnson,meghanjohnson@gmail.com,9479250058,594 Shelly Center,Port Rebecca,UT,81579,1993-02-20
1190,Amanda,Garner,amanda_garner@outlook.com,5238500626,92381 Christopher Divide Apt. 491,Laceystad,WI,75281,1986-11-04
1191,Kristin,Scott,kristin.scott90@yahoo.com,0893454914,708 Allen Forks Suite 850,South Kelly,KS,16896,1983-02-25
1192,Wanda,Navarro,wanda.navarro@outlook.com,6402263859,99166 Krueger Mountains Apt. 578,Millerberg,NH,37000,1956-06-28
1193,Bob,Pineda,bob.pineda64@gmail.com,3736513134,6806 Faith Stream Suite 612,South Feliciaville,MI,31483,1970-08-17
1194,Joshua,Dalton,joshuadalton@gmail.com,3824493684,0146 Davis Knolls Suite 208,Lake Courtney,NH,02136,2003-02-20
1195,Jeremy,Sanchez,jeremy.sanchez@example.com,4292188720,28857 Chloe Estates,Christinafort,FL,52705,1955-03-31
1196,Brandon,Hernandez,brandonh@outlook.com,8720346409,26279 Cody Loaf,Davisview,NJ,42376,1973-11-06
1197,Kenneth,Taylor,ktaylor@yahoo.com,7721637621,87859 Wall Corners Apt. 848,New Vanessaton,AK,36398,1947-11-27
1198,Jeremy,Morton,jeremymorton@gmail.com,6469834563,0194 Tanya Rue,New Andrew,IL,40780,1977-11-21
1199,David,Wilkinson,david.wilkinson@gmail.com,2442799401,117 Tonya Avenue,West Duanechester,GU,35227,2000-08-15
1200,Christina,Berger,christina.berger@gmail.com,4502959655,1471 Joann Gateway Apt. 926,Millerside,MP,76326,1972-09-08
1201,Amy,Martin,amym@example.com,5652989156,54525 Villanueva Ridges,North Randy,ID,24138,1979-05-21
1202,Kenneth,Jones,kennethjones@outlook.com,8211510449,3742 David Corner,North Joshuaport,NM,50509,1962-04-28
1203,Laura,Salazar,lauras@yahoo.com,2771678569,942 Marissa Ferry Suite 366,South Carmen,WV,09729,2005-12-31
1204,Kelly,Davidson,kdavidson@outlook.com,9993476749,4523 Moody Summit Apt. 789,Durantown,PA,76887,1974-03-07
1205,Janet,Booth,janet.booth16@yahoo.com,7995121623,43930 David Circle,Jonesburgh,CT,10888,1978-12-12
1206,Meghan,Gregory,meghan.gregory@yahoo.com,8222434864,64640 Maddox Street Apt. 255,Brownberg,WV,65110,1964-08-29
1207,Michelle,Murray,michellemurray@yahoo.com,5035991307,047 Tony Court Suite 513,Weissview,PR,53833,1980-10-11
1208,Matthew,Craig,matthew.craig@gmail.com,2188654467,2914 Brooks Walks Apt. 257,Carolinefurt,PA,39337,1988-06-07
1209,Jerome,Lynch,jerome_lynch@outlook.com,1523988571,7642 Richard Pike Apt. 875,Lake Martha,IA,92129,1973-02-14
1210,Ashley,Hopkins,ashleyh@example.com,2186418487,8768 Scott Street Suite 410,Richardsland,MI,14196,1998-12-16
1211,Alan,Weaver,alanweaver@outlook.com,9079059678,70400 Alicia Cliffs,Kristenborough,FM,97381,1998-09-23
1212,Dorothy,Richards,drichards@outlook.com,0253585423,35157 Ashley Meadow Suite 952,Amandaport,CT,69888,1965-06-16
1213,Michael,Gonzalez,michael_gonzalez@gmail.com,6897141554,4697 Tyler Forge Suite 576,Lake Kyle,MO,61648,1951-03-18
1214,Christian,Rosario,christianrosario@yahoo.com,8156510121,272 Elliott Canyon Suite 714,Livingstonburgh,TX,37605,1992-09-27
1215,Renee,Lewis,reneel@example.com,3983941497,9898 Rios Vista,South Joann,NJ,55841,2004-05-21
1216,Paula,Carrillo,paula.carrillo@outlook.com,6243593495,117 Ashley Roads,Port Breanna,MN,10213,1950-12-19
1217,Samantha,Walter,samantha.walter@example.com,1093722952,513 Amanda Circle,West Mary,VT,27509,2006-09-03
1218,Kimberly,Gonzalez,kimberlyg@gmail.com,2662361320,7758 Williams Village Suite 928,New Juliefort,UT,30208,1975-10-12
1219,Marisa,Anderson,manderson@example.com,4933104287,1551 Jeremy Stream Suite 697,New Amber,VA,47827,1941-07-13
1220,Sean,Obrien,sean.obrien@outlook.com,9838422332,527 Sexton View Apt. 653,Port Jennifer,MH,41060,1993-09-06
1221,Jesse,Watson,jesse_watson@yahoo.com,0133730457,451 Campbell Island Apt. 403,Martinfort,NC,57938,1951-03-18
1222,Laura,Williams,laura.williams@yahoo.com,9895948763,52418 Lisa Isle,Harrisview,MN,36568,1993-06-26
1223,Brian,Gonzales,briangonzales@outlook.com,1391864961,2814 Jose Viaduct Suite 134,North Daniel,AL,36714,1990-03-28
1224,Marisa,Mckinney,marisa.mckinney83@yahoo.com,7549628856,036 Miller Viaduct Suite 198,Lake Robert,ID,10806,1942-02-08
1225,Eugene,Mcdaniel,eugene.mcdaniel1@example.com,2856255585,1368 Rebecca Groves Apt. 822,Jamestown,TN,19492,1999-08-22
1226,Brendan,Baker,brendan_baker@outlook.com,7871583993,28324 Dalton Mountain,Vasquezfort,OK,62831,1986-08-14
1227,Alexandra,Peterson,alexandra_peterson@outlook.com,5972859927,91981 Arias Stravenue Apt. 134,West Carlyport,IA,80161,2006-02-07
1228,Sharon,Oliver,sharon.oliver@example.com,0094968484,922 Fernandez Gateway,Velasquezstad,NH,33868,1973-10-18
1229,Julie,Haley,julieh@outlook.com,5668868077,877 Alvarez Spur Apt. 266,South Michael,NY,51689,1952-04-14
1230,Timothy,Landry,timothyl@outlook.com,8353627301,485 Christopher Mountains,North Donald,OH,06536,1977-01-07
1231,Megan,Martinez,megan.martinez@gmail.com,2771055060,6721 Mendoza Burg Suite 857,Riveraberg,PA,88056,1988-03-01
1232,Stephanie,Vargas,stephanievargas@gmail.com,7396359451,0417 Bailey Station,Garciaport,WV,60266,1953-05-24
1233,Christopher,Oconnor,christopher.oconnor8@outlook.com,7825297811,739 Alexandra Island,Kimberlyfort,ME,91008,1979-06-14
1234,William,Mendoza,williammendoza@gmail.com,8248624320,5172 Daniel Causeway,Mitchellville,IN,27569,1946-08-02
1235,Lacey,Vang,laceyvang@example.com,1976500077,76560 Brandon Wells Suite 636,East Melissaborough,FM,37000,1984-04-21
1236,James,Cordova,jcordova@gmail.com,8467329713,951 Joseph Key,Port Wesley,MP,10188,1951-03-05
1237,Gail,Smith,gail.smith@outlook.com,3465420776,34408 Nelson Prairie,East Richard,KS,15187,1960-02-09
1238,Samantha,Cook,scook@example.com,5796095716,078 Cox Falls Suite 809,New Sandra,MT,02457,1965-11-18
1239,Sean,Bennett,sean.bennett@outlook.com,3208893628,295 Pamela Avenue,Port Brian,VA,24888,1954-12-06
1240,Amanda,Bates,abates@gmail.com,4680546589,6826 Mendoza Tunnel,North Lisa,WY,39475,1990-05-31
1241,Joanne,Freeman,joannefreeman@example.com,0367064256,299 Armstrong Summit Apt. 156,North Tracey,VT,07794,1956-11-19
1242,Pam,Pugh,pamp@yahoo.com,8080405094,178 Michele Corner,Lake Andrea,WY,95003,1995-12-24
1243,Kathleen,King,kathleenk@gmail.com,0246211705,767 Gutierrez Vista,North Georgemouth,NC,90709,1941-08-06
1244,Cheryl,Johnson,cheryl.johnson@example.com,4402632832,41710 Jacob Mount,Lake Larryfort,DE,46704,1960-04-21
1245,Rachel,Guerra,rguerra@outlook.com,3426700811,6772 Rivera Dam,East Brandimouth,ME,68336,1958-11-15
1246,Norman,Dunn,norman_dunn@outlook.com,2943649559,9600 Kathy Cove Suite 892,New Brendanberg,WI,70073,1960-03-27
1247,Charles,Patterson,charles.patterson@example.com,9503000017,77469 Jenkins Estates,Wardfort,AR,71275,2004-04-21
1248,Sarah,Rivera,srivera@yahoo.com,5974725742,0501 Spencer Rue,South Carlburgh,LA,28188,1951-10-13
1249,Sarah,Jones,sarah.jones12@outlook.com,5587931335,494 Maria Radial Suite 114,North Matthew,DE,37643,1994-09-22
1250,Laura,Todd,ltodd@outlook.com,0570344563,14105 Baker Unions,North Cory,ID,41698,1974-12-10
1251,Amanda,Ross,amanda.ross70@yahoo.com,2197927254,51216 Ross Centers Suite 561,Port Williamstad,CO,95989,2007-01-18
1252,Ralph,Rose,ralphrose@example.com,1781764016,8337 Robert Pike,Joshuabury,LA,23594,1982-02-13
1253,Jeffrey,Sheppard,jeffrey.sheppard52@outlook.com,6203370545,43167 Odonnell Ridge Apt. 195,South Samuelfurt,ND,05660,1941-07-27
1254,Taylor,Dudley,taylor.dudley41@example.com,5443000324,2498 Jonathan Station Apt. 012,South Amandashire,PW,67892,2004-10-04
1255,Carl,Bowers,carl_bowers@outlook.com,7708709872,219 Charles Stravenue,Smithborough,SD,65532,1970-05-26
1256,Angela,Martinez,angela_martinez@outlook.com,4514256819,1714 Clark Estates,Lake Jessicaborough,MT,80071,1943-10-20
1257,Amy,Pennington,amy.pennington@example.com,1465862441,8004 Gutierrez Extensions,Lake Aprilberg,MO,75195,1947-05-29
1258,Amber,Smith,ambers@yahoo.com,4171255948,00237 Martinez Square Apt. 846,South John,MA,52759,2007-11-04
1259,Parker,Olson,parker_olson@outlook.com,0735058463,88281 Gonzales Hill Apt. 192,East Erikamouth,ND,54427,1991-07-22
1260,Jeffrey,Richardson,jeffreyrichardson@example.com,3844480287,3762 Jeffery Viaduct Apt. 455,Hollowayshire,LA,97254,2005-08-14
1261,Abigail,Johnson,abigail.johnson@example.com,5715941532,6815 Cochran Road Suite 602,Matthewborough,NH,68152,1968-05-13
1262,Kathleen,West,kathleenwest@outlook.com,5870556851,996 Liu Creek Suite 867,Shaneland,AL,21314,1999-10-16
1263,Angela,Martinez,angela.martinez@example.com,6084892720,27647 Ramirez Court Suite 333,Zacharychester,ND,99171,1972-09-18
1264,Nicole,Gonzalez,nicole.gonzalez41@outlook.com,2716511229,70934 Frazier Coves Suite 466,Rodriguezton,LA,39940,2002-06-12
1265,Jennifer,Martin,jenniferm@gmail.com,1088276514,5486 Laurie Forge Suite 324,Mooreside,MD,10463,1993-02-15
1266,Michelle,Pham,michelle_pham@example.com,0505756417,638 Duran Hill,Patriciatown,WI,25895,1951-01-03
1267,Frank,Williams,frankw@example.com,6693694992,478 White Trace,East Donna,CO,73749,2004-10-14
1268,Valerie,Mccormick,valeriem@example.com,0391790114,774 Daniel Streets Suite 178,Port Sarahfurt,NM,29510,2003-07-06
1269,Martin,Shaffer,martin.shaffer@gmail.com,7558612495,271 Dana Gateway,Port Kyle,SC,40230,1976-02-04
1270,Joseph,Hall,joseph_hall@example.com,5569322438,59945 Elizabeth Rue,New Tyler,NC,22688,1981-09-29
1271,Danielle,Christian,danielle.christian@outlook.com,5282642160,2120 Brown Inlet Suite 089,Angelashire,NC,28768,1941-02-05
1272,Sharon,Robertson,sharonr@outlook.com,4120608280,4061 Courtney Plaza,West Edwardborough,MI,98002,1944-10-12
1273,Jason,Nguyen,jnguyen@example.com,0808768564,91441 Ray Passage,Juarezburgh,AL,23988,1977-12-30
1274,Michael,Shields,michaels@outlook.com,2926795657,70754 Whitney Estate Apt. 335,East Makaylaside,IA,13364,1998-08-20
1275,Amanda,Stafford,astafford@gmail.com,7213847678,9598 Parker Mill,West Krystalberg,GU,28993,1951-12-30
1276,Jonathon,Malone,jonathon.malone59@outlook.com,0402731014,7792 Russell Fort Suite 261,East Dylan,MO,49569,1941-05-26
1277,Mary,Brown,mary_brown@example.com,0652071949,5194 Jorge Causeway,Lozanoville,AS,13632,1947-05-10
1278,Jodi,Montes,jodim@yahoo.com,9783314756,131 Harris Fall,West David,TX,74798,1989-11-07
1279,Dale,Johnson,dale.johnson31@gmail.com,9090045561,39267 Sheila Parkway Apt. 243,East Corybury,ID,46687,1968-12-08
1280,Vicki,Berg,vicki.berg26@example.com,4364493475,50299 Margaret Key Suite 823,East Kimberly,TX,81428,1975-07-23
1281,Jacob,Smith,jacob.smith83@outlook.com,2262710335,64225 Toni Fort Apt. 272,Amberstad,MD,30939,1959-10-10
1282,Renee,Gaines,renee_gaines@gmail.com,7565145496,766 Christopher Curve,East Ryan,MH,26989,1970-08-26
1283,Bianca,Collins,bianca_collins@outlook.com,8076982067,1977 Robert Lakes,Dorothybury,FL,78385,1975-03-12
1284,Kevin,Arias,kevin.arias98@example.com,8487655002,85394 Jimenez Knolls Apt. 000,Taylorburgh,NJ,44350,1950-11-24
1285,Michael,Steele,michaelsteele@example.com,2512076066,6724 Boyle Drives Apt. 931,West Sarahside,ID,29696,1953-12-29
1286,Matthew,Smith,matthews@yahoo.com,6755885330,51206 Julie Spurs,Lake Brian,DC,34474,1952-10-16
1287,Jessica,Lowe,jessica_lowe@outlook.com,7035954922,1785 Diane Way,North Ellen,PR,65733,1954-02-13
1288,Yvonne,Hayes,yvonne.hayes@yahoo.com,3659147438,05475 Walker Shoals,Toddmouth,LA,71617,1977-05-22
1289,Heather,Wright,heather_wright@yahoo.com,4185139601,3306 John Crest,Fredburgh,IA,86086,1983-07-13
1290,Leslie,Jones,ljones@yahoo.com,7461419590,747 Melissa Lights Suite 054,East Nathaniel,MP,86674,1952-01-17
1291,John,Cox,johncox@yahoo.com,8660941283,53755 Davis Villages,New Ericbury,WA,39221,1997-11-05
1292,Zachary,Bond,zbond@yahoo.com,2771574084,973 Williams Square Suite 723,Smithborough,DE,59182,1995-01-29
1293,Dustin,Davis,dustin_davis@example.com,7647582039,952 Andrea Canyon Apt. 776,West Eric,GU,91971,1955-03-23
1294,James,Gonzalez,jamesgonzalez@gmail.com,8609069275,8583 Kara Walk Apt. 396,North Davidbury,IN,96007,1988-05-20
1295,Danielle,Campos,danielle.campos30@gmail.com,5044725977,932 Patrick Hill Apt. 247,Davidland,WV,02481,1966-04-11
1296,Cody,Meyer,codymeyer@yahoo.com,5117334168,1394 Torres Alley Apt. 616,Lake Hector,VA,72401,1995-07-01
1297,Sean,Hale,seanhale@gmail.com,9900000892,72315 Amber Neck Apt. 751,Port Janiceland,CO,20649,2005-10-29
1298,Christine,Dawson,christine.dawson4@example.com,3111050114,4995 Stanley Trail Suite 629,Browningfurt,AZ,04249,1952-01-14
1299,Jennifer,Carpenter,jennifer.carpenter@example.com,0441274430,059 Eric Center,Dannytown,HI,03938,1970-07-21
1300,David,Rogers,david_rogers@gmail.com,9392274236,9352 Stacy Summit Apt. 873,Jonathanport,PA,50968,1959-09-23
1301,Alex,Bernard,alex.bernard18@gmail.com,8378419071,79218 Kramer Trafficway,South Briannaport,ID,24278,1963-06-02
1302,Matthew,Webb,mattheww@gmail.com,8639868173,12250 Maurice Landing Suite 669,North Jesse,ND,10787,1955-09-02
1303,Katherine,Lee,katherine_lee@gmail.com,5854422212,90925 Cox Locks,West Christinamouth,MA,65891,1944-12-13
1304,Lisa,Wilson,lisa_wilson@yahoo.com,8931644690,32943 Torres Isle Suite 729,Martinezhaven,AK,59131,1948-03-02
1305,Jasmine,Soto,jasmine.soto@yahoo.com,0941531384,4576 Perkins Trail Suite 325,Morenomouth,PW,82699,1959-05-05
1306,David,Phillips,davidp@outlook.com,5602390501,21403 Graham Keys,North Michaelville,PR,14377,1960-01-21
1307,Christopher,Robertson,christopher.robertson85@yahoo.com,5109800199,11659 Lindsey Fork,Marcustown,OR,42609,1953-06-22
1308,Lindsey,Randall,lindsey.randall@yahoo.com,3405257693,9415 Tran Cove,Patriciafurt,DC,27413,1981-08-04
1309,Alexandra,Jensen,alexandrajensen@example.com,3543419462,2527 Robert Stravenue Apt. 098,West Elaine,UT,71385,1962-12-07
1310,Paula,Smith,paula_smith@outlook.com,2081594491,107 Young Divide,Coreyside,WI,64677,2002-10-02
1311,Alyssa,Crane,alyssacrane@example.com,6332726119,4918 Ray Cove Apt. 797,South Kimberly,VA,49161,1952-04-24
1312,Michelle,Garcia,mgarcia@example.com,8519836644,322 Lauren Lights Apt. 409,Lake Angelamouth,MO,61906,1980-09-20
1313,Cynthia,Hunter,cynthia_hunter@gmail.com,1409508428,43724 Fernandez Highway,Lake David,MS,61898,1961-12-06
1314,Katherine,Hughes,katherinehughes@yahoo.com,4335488253,7682 Brown Circle,South Karenhaven,OR,34875,1980-05-12
1315,Amy,Thomas,amy_thomas@outlook.com,4309301635,7973 Jennifer Pines Suite 662,Port Jonathanhaven,MS,59465,1976-11-14
1316,Michelle,Barnes,michelle_barnes@outlook.com,1023337522,437 Denise Expressway Suite 164,North Thomasborough,AK,85583,1970-08-17
1317,Carrie,Myers,carriemyers@example.com,3738996828,6334 Logan Villages,North Heather,FM,08983,1998-03-22
1318,Nicholas,Camacho,nicholasc@gmail.com,4629574018,403 Herman Green,Deborahville,MT,44337,1959-05-12
1319,Patrick,Collins,patrick_collins@example.com,2050399310,83245 Kevin Estate Suite 393,South Christineside,PA,19462,1991-11-02
1320,Jessica,Smith,jsmith@outlook.com,3819456491,1116 Jose Squares,North Melindatown,PR,29670,1995-02-20
1321,Sarah,Casey,sarah.casey55@yahoo.com,5475378344,809 Connor Ramp Suite 390,Wrightberg,MS,96493,1977-10-23
1322,Calvin,Marshall,calvin_marshall@gmail.com,7247894780,1037 Lucero Streets,North John,MD,59855,1998-12-08
1323,Jeffrey,Schmidt,jeffrey.schmidt36@gmail.com,8331066027,178 Victoria Throughway,Port Walterberg,AR,29830,1965-11-08
1324,Scott,Robbins,srobbins@gmail.com,6415990056,76518 Donaldson Heights,Emilyville,LA,16562,1984-07-17
1325,Richard,Mccarty,richard.mccarty77@outlook.com,6535675925,4475 Miller Mountain,Joshuahaven,MT,42962,1966-09-08
1326,Adam,Richards,adam.richards23@example.com,0311175646,745 Holden Mills Suite 501,Watershaven,PR,04260,1970-05-26
1327,Seth,Todd,setht@outlook.com,4400832759,043 Richardson Vista,East Marystad,SC,50920,1966-08-07
1328,Bradley,Cox,bradleyc@outlook.com,8406783702,22866 Cook Well,New Jacobmouth,NE,27457,1997-10-30
1329,Mary,Castillo,mary_castillo@example.com,1485624379,01993 Rojas Common,South Jeremymouth,MP,72059,1964-03-07
1330,Denise,Hunt,dhunt@example.com,8776888817,2317 Medina Centers Apt. 264,Lake John,FL,42437,1959-01-03
1331,Sarah,Hernandez,sarah.hernandez@example.com,5207904909,76907 Kim Stravenue,North Jamesville,NC,54957,1983-06-28
1332,Kristin,Nolan,kristin_nolan@gmail.com,9702250674,94088 Orozco Bypass,Lake Becky,MS,35937,1956-07-10
1333,Debbie,Gibson,debbie.gibson27@yahoo.com,9950653965,4665 Poole River,Joseshire,CA,74228,2004-01-29
1334,Loretta,Zimmerman,loretta.zimmerman41@gmail.com,8882720831,93561 Robert Mount Apt. 253,South Jakeside,DC,20613,1967-04-24
1335,Reginald,Chavez,reginaldchavez@yahoo.com,0070531605,38581 Mccullough Courts,Aprilport,OH,23362,1949-01-06
1336,Michael,Armstrong,michael.armstrong32@yahoo.com,8833581892,07742 Wallace Fort Apt. 814,New Shawnside,FL,23810,1953-06-08
1337,Mark,Martinez,mmartinez@example.com,5304287594,588 Rollins Park,Rhondatown,PW,82360,1946-12-01
1338,Kimberly,Morris,kimberly.morris@yahoo.com,4021302155,70014 Mitchell Tunnel,Jamesfurt,WV,99876,1988-11-19
1339,Jack,Sanders,jsanders@yahoo.com,6817604012,2359 Joshua Lights Apt. 715,Lake Tannerland,NE,23869,1971-09-29
1340,Mark,Hall,markhall@yahoo.com,9834277874,48235 Heather Station Suite 896,West Catherinetown,NE,13318,1978-07-30
1341,Anna,Maldonado,anna.maldonado@example.com,9251538116,04013 Wayne Lodge Suite 072,South Angelachester,IN,09588,1946-02-13
1342,Jonathan,Hernandez,jonathan.hernandez12@yahoo.com,8041258668,33629 Nicole Fork,New Christopherville,ME,90904,1996-12-11
1343,Henry,Wilson,hwilson@yahoo.com,4998096686,7461 Klein Plaza Apt. 420,Wendyton,WI,02302,1947-08-20
1344,Robert,Snyder,roberts@yahoo.com,3376909971,69142 Guzman Locks Suite 929,North Ryan,SC,39217,1954-07-19
1345,John,Austin,john_austin@yahoo.com,6490336206,470 Diaz Oval Apt. 481,Bradside,SC,83279,1979-02-22
1346,Teresa,Grant,teresa.grant@outlook.com,9269250194,726 Morris Crest Apt. 738,South Christinachester,VT,53985,1995-12-14
1347,Amanda,Kim,amandak@outlook.com,9250636745,307 Caldwell Radial Suite 436,Joycefort,NV,32724,1944-04-23
1348,Natasha,Lowe,nlowe@example.com,5202501386,669 Willie Walk,Browntown,NE,26293,1942-06-20
1349,Gregory,Williams,gregoryw@outlook.com,1079588259,973 Taylor Well Apt. 329,Jenniferview,NC,31908,1941-01-18
1350,David,Freeman,david_freeman@example.com,3643297466,043 Hall Camp Apt. 073,North Sarahburgh,SC,54647,2000-05-04
1351,Kevin,Cole,kevinc@outlook.com,4692480418,266 Webb Glens,West Shannonton,VA,06265,1997-02-14
1352,Eric,Fowler,ericf@yahoo.com,6145561622,6539 Stokes Point,North Russellview,PW,81237,1944-02-28
1353,Gary,Hammond,gary.hammond91@outlook.com,5981120664,160 Linda Place Suite 017,Port Kurttown,PW,59275,1984-10-25
1354,Nicholas,Lee,nlee@outlook.com,6399585430,64423 Lam Ridge,Santiagofort,MI,67540,1954-10-17
1355,Alan,Ramirez,alanr@outlook.com,8039035568,076 Jose Cove,South Douglas,KY,08952,1954-01-06
1356,Bethany,Martinez,bethanymartinez@example.com,3042056056,5167 Dana Shoal,Daniellebury,MP,09559,1978-12-05
1357,Kendra,Bates,kendra.bates42@outlook.com,7369688629,51842 Morales Trafficway Apt. 823,Walterstown,AK,77084,1959-05-27
1358,Sandra,Conway,sandraconway@gmail.com,0127476554,3453 Harding Road,North Kimberly,OH,67881,1944-07-20
1359,John,Zimmerman,johnz@outlook.com,0877638957,3523 Church Groves,New Tyler,DE,48450,1969-08-21
1360,Loretta,James,lorettaj@yahoo.com,1155960095,7829 Emily Drive,South Michael,GA,71971,1942-12-11
1361,Bryan,Schwartz,bschwartz@gmail.com,3603876265,553 Sara Points,Gomezland,ND,99728,1995-11-13
1362,Anthony,Murphy,anthony_murphy@example.com,2874079414,4342 Hicks Shoal,Gregoryfurt,NV,44666,1984-06-29
1363,Terri,West,terri.west@outlook.com,7162415828,7766 Faulkner Burg Suite 381,Samanthaside,PR,48448,1970-12-16
1364,James,Morales,jamesmorales@gmail.com,2801844443,547 Alexis Keys Suite 736,Kevintown,KS,21704,2004-03-28
1365,Kathryn,Mendoza,kathryn.mendoza@gmail.com,4073041061,743 Adam Curve Suite 436,North Michaelstad,GU,99313,2005-10-03
1366,James,Meyer,jamesmeyer@example.com,9094295223,5206 Kristin Club,New Scottport,AK,17995,1959-05-09
1367,Jonathan,Jackson,jonathan_jackson@gmail.com,0090915643,4569 Shawn Common Suite 346,Lake Courtneymouth,AK,93640,1946-03-30
1368,Samantha,Hill,samantha.hill53@example.com,0531248296,7000 Joyce Trafficway,East Leslie,MO,94071,1972-12-23
1369,Sandra,Hall,sandrahall@example.com,4493834132,41726 Erin Point,South Cathy,MS,80995,1980-07-26
1370,Brandon,Randall,brandonr@outlook.com,9403305995,99032 Brandi Expressway Suite 543,Jesseborough,AZ,21763,2000-06-14
1371,Jennifer,Reid,jennifer_reid@example.com,0120504771,797 Moody Viaduct,Port Tinahaven,MT,64397,1962-04-02
1372,John,Potter,johnp@gmail.com,8357085513,814 Thompson Landing,Kathyside,FM,02885,2003-07-26
1373,Janet,Ruiz,janet_ruiz@outlook.com,6754726178,546 Romero Walk,Port Janet,HI,77538,1999-10-10
1374,Sandra,Reyes,sandra.reyes@gmail.com,0722993026,0407 Steve Roads,West Katherine,LA,01872,1970-01-24
1375,Bonnie,Thompson,bonniethompson@example.com,4481965614,6676 Michael Course,West Pamelaside,IA,53232,1987-01-30
1376,David,Tran,david.tran@yahoo.com,7163273922,647 Tina Point Apt. 940,Simmonsfort,VT,33438,2005-03-20
1377,Willie,Cameron,wcameron@yahoo.com,7247757884,8692 Timothy Port Suite 399,Chandlerchester,VT,81716,1969-09-02
1378,Catherine,Reed,creed@yahoo.com,9401285809,160 Powell Springs,Michaelport,KS,27816,1953-05-02
1379,Arthur,Peck,arthurpeck@gmail.com,6674851226,492 Hart Mount,Paulmouth,VI,06244,1972-06-20
1380,Kimberly,Sanders,kimberly.sanders@gmail.com,1581551714,030 Robinson Rapids,Port Matthew,PR,82073,1959-08-14
1381,Emily,Perez,emilyp@outlook.com,6807250014,00313 Marcus Gardens Apt. 214,Lutzfort,VT,57877,1962-08-18
1382,Matthew,Harrington,matthewharrington@outlook.com,1522152586,215 Turner Green,Brianberg,MS,39521,2005-11-10
1383,Laura,Pierce,lpierce@outlook.com,9036538728,642 Jackson Circle,West Elizabeth,AR,89619,2003-03-26
1384,April,Craig,aprilcraig@yahoo.com,7981649159,6361 Kristin Burg,Dannystad,IN,07322,1982-06-09
1385,Angela,Bryant,angelab@example.com,2845680096,2036 Davis Lodge Apt. 145,Aguilarhaven,CO,07605,1977-08-03
1386,Travis,Jones,travisjones@example.com,6307723910,4104 Taylor Harbor,South Tyler,GU,45744,1979-01-13
1387,Beth,Powell,beth.powell69@gmail.com,5504505530,7887 Gordon Ville,New Michaelport,AS,89848,2007-04-14
1388,Mary,Rice,mary.rice@gmail.com,1443856455,390 Duncan Crescent Suite 285,Lake Ronald,MH,85420,2002-12-10
1389,Mary,Barnett,mary_barnett@example.com,6984895038,044 Brooks Field,Lake Vanessa,AK,61960,1978-01-31
1390,Blake,Monroe,blake.monroe9@example.com,6252371052,2495 Cynthia Heights Suite 266,New Tonyashire,MT,82318,2005-01-16
1391,Robert,Cook,robert.cook99@yahoo.com,8928907366,9985 John Drives Apt. 428,Zoeside,NH,47472,1961-12-11
1392,Michelle,Myers,michellem@outlook.com,4238466626,2497 Ramirez Plains,West Brian,FM,00676,2002-06-19
1393,Paul,Hancock,paul.hancock64@yahoo.com,5498806410,7445 Butler Ridge Apt. 557,Dunlapberg,AK,64148,1940-08-12
1394,Taylor,Salazar,taylors@gmail.com,5550746488,421 Damon Ranch,Penatown,VI,83549,1945-06-18
1395,Laura,Franklin,laura.franklin49@outlook.com,7371008322,62954 Dunn Harbor Apt. 049,East Kylie,PA,53573,1978-11-04
1396,Elizabeth,Reese,elizabethreese@example.com,7907263593,65221 David Mount,Port Michaelbury,TN,77178,1987-02-23
1397,Caleb,Abbott,caleb_abbott@yahoo.com,0325750775,566 Tina Forges,Tammyview,OK,20151,1983-12-11
1398,Dale,Martin,dalemartin@yahoo.com,5756595125,9627 Bates Isle,Reginaldside,VI,91773,1997-11-07
1399,Larry,Mullen,larrymullen@outlook.com,0855479659,385 Bryan Falls Suite 120,Stevenbury,NV,61913,1975-04-11
1400,Mary,Hancock,mhancock@yahoo.com,6284983590,406 Ethan Shores Suite 273,Brittanyton,RI,76570,1949-02-14
1401,Kevin,Johnson,kevin.johnson5@outlook.com,6272062721,96076 Michele Flat Suite 429,Goldenfurt,NJ,36163,1991-02-23
1402,Melanie,Stanley,melanie_stanley@gmail.com,3561559739,2734 Zachary Way,Alexanderstad,MN,28757,1960-07-11
1403,Jennifer,Daniel,jennifer_daniel@outlook.com,3967028017,7894 Karina Run,Lake Melissaview,MH,34935,1968-07-12
1404,Stacey,Reyes,stacey.reyes97@outlook.com,7838951480,4971 Powell Harbors Suite 252,Jessicamouth,OR,13371,1983-03-08
1405,Sarah,Haynes,sarah_haynes@yahoo.com,2407736345,33271 Lynn Crossing,Moodyhaven,OH,68098,1967-04-09
1406,Edward,Mills,emills@example.com,9653162591,71364 Jessica Tunnel,Williamsview,SC,45324,1961-11-16
1407,Christina,Burch,christina.burch58@example.com,4280566205,535 Powell Plaza Suite 478,Brianamouth,SD,88540,1960-01-09
1408,John,Cox,john_cox@gmail.com,8367966700,73363 Harper Inlet,Williamsbury,PW,27507,1984-04-09
1409,Jaclyn,Parker,jaclyn.parker13@yahoo.com,2601102479,004 Michael Rapid,West Stephenborough,ME,15651,1968-02-24
1410,Steven,Smith,stevens@example.com,6263094274,040 Campbell Forest,Kristinview,TX,89505,1969-01-29
1411,Rebecca,Stuart,rstuart@example.com,8925319137,0125 Thompson Summit Apt. 103,Scottfurt,SC,71235,1976-11-19
1412,Melissa,Bryant,mbryant@yahoo.com,1255623969,281 Weaver Cliff Apt. 182,North Paigemouth,ME,74098,1967-02-15
1413,Adam,Powers,adam.powers@outlook.com,5247056758,0330 Melanie Grove Apt. 580,Mariaton,WY,15728,1966-08-09
1414,Timothy,Holden,timothyholden@outlook.com,4920533523,08501 Michael Loop,Lake Christine,WI,87278,1945-06-21
1415,Michael,Hoover,michael.hoover@example.com,7726701692,81370 Tamara Heights Suite 699,New Charlesshire,TN,09388,1976-02-25
1416,Cole,Peterson,cpeterson@yahoo.com,0238219315,64900 Perry Land Apt. 868,Edwardsview,MD,97333,1972-05-16
1417,Seth,Harper,seth.harper@yahoo.com,1674553170,142 Brett Manors,East Karla,MS,29834,1978-06-28
1418,Vickie,Mitchell,vickiemitchell@example.com,5026451941,4231 Cox Freeway,Mejiafort,WY,16130,1946-01-26
1419,Mary,Sosa,marys@outlook.com,5159501692,21156 Rice Crossing,Lake Gary,NV,29143,1946-09-09
1420,Kim,Johnson,kim.johnson@yahoo.com,2551151693,83169 Castillo Rapid,Martinhaven,NY,16510,1962-09-06
1421,Yolanda,Crane,ycrane@example.com,3111772091,0006 Jeffrey Pike Suite 802,Mariahmouth,NE,34665,1978-12-12
1422,Donna,Carter,donna.carter86@yahoo.com,4106984037,912 Price Burg Suite 985,West Erica,VA,34219,1964-01-02
1423,Shelby,Williams,shelbyw@yahoo.com,7223306854,691 Mcdaniel Ramp Suite 712,West Morgan,MP,38373,1958-08-03
1424,Carla,Lopez,carlalopez@yahoo.com,6933983907,431 Walters Dale Apt. 131,Diazside,NH,05445,1952-07-04
1425,Rachel,Guerrero,rachelguerrero@outlook.com,9402950582,6285 Kelsey Stravenue,Doughertychester,WV,88996,2006-01-03
1426,Stefanie,Smith,stefanie_smith@gmail.com,7593698398,6203 Kari Walk,North Jennifer,CT,14377,1950-05-19
1427,Jennifer,Tanner,jennifertanner@gmail.com,7480761846,0220 Robert Hills Suite 980,Jennafort,NM,00528,1954-04-01
1428,Gary,Hernandez,garyhernandez@outlook.com,7033151799,58010 Collins Circles,Johnhaven,NY,78508,2007-09-29
1429,Christina,Miller,christina.miller@gmail.com,0332673450,789 Robbins Center Apt. 763,East James,GU,05473,2005-09-07
1430,Jacob,Avila,jacobavila@gmail.com,2252855691,996 Carl Camp Apt. 779,Melanieburgh,FM,85877,1947-11-10
1431,Tammy,Aguilar,tammyaguilar@yahoo.com,8204780864,8373 Jones Spur Apt. 364,Brianfort,GU,16330,1997-02-27
1432,Corey,Smith,corey_smith@gmail.com,8080949373,098 Kathleen Crest,New Donna,NH,90593,1983-05-18
1433,Jacqueline,Douglas,jacquelinedouglas@example.com,9061202806,634 Swanson Mills Suite 838,Lewisshire,MO,48496,1979-08-09
1434,Michael,Clark,michael.clark84@outlook.com,4211143290,05449 Charles Pass,New Jeffrey,PR,28956,2006-05-11
1435,Travis,Jones,travis_jones@example.com,8781490500,16833 Young Plains,Port Eric,MP,41708,2006-11-08
1436,Elizabeth,King,elizabeth_king@outlook.com,3141591900,570 Russell Circle,Schneiderberg,OR,98914,1952-12-24
1437,Matthew,Ellis,matthew_ellis@gmail.com,0381348181,19863 Davis Stravenue Apt. 351,New Rhondabury,WV,69350,1978-04-26
1438,Katie,Johnson,katie.johnson@yahoo.com,9862064567,6253 William Shoals,Mariaburgh,IN,66961,1985-08-24
1439,Donna,Edwards,donna.edwards@gmail.com,9392579162,01500 Nelson Drive,Blackburnburgh,SD,11366,2007-08-13
1440,Natalie,Williams,nataliewilliams@example.com,9290694382,4364 Kent Forest,Cervanteshaven,WI,28681,1959-05-18
1441,Keith,Horn,keith.horn44@outlook.com,6236438441,72728 Vazquez Hills,Lake Hollyhaven,MD,19474,1943-06-24
1442,Jeremy,Chang,jeremy.chang@yahoo.com,3071049152,29333 Dixon Union,Jesseport,NV,56000,1974-03-08
1443,Steven,Hardy,stevenh@outlook.com,6326834218,883 Perry Brooks Suite 238,Williamberg,IN,22779,1995-03-03
1444,Gregory,Moreno,gregory_moreno@outlook.com,0291312647,47133 Michael Springs Apt. 249,Michaelland,DC,55968,1961-03-23
1445,Brent,Clements,bclements@outlook.com,2788325812,82752 Clark Avenue Suite 964,East Susanland,FL,59423,1951-01-16
1446,Karen,Simpson,ksimpson@outlook.com,0405739612,02934 Smith Well Apt. 780,South Jack,NM,83301,1946-01-13
1447,Lawrence,Price,lawrence.price11@example.com,5965389910,539 Blankenship Stream,New Jodytown,AL,58989,1969-11-27
1448,Paul,Patterson,paul.patterson@yahoo.com,5198782313,687 Johnson Course,Henrystad,ID,63674,1945-10-06
1449,Rachel,Chavez,rachel.chavez5@yahoo.com,9647252531,62196 Jamie Junction Apt. 935,Josephview,WY,01412,1997-05-14
1450,Victoria,Jones,vjones@gmail.com,0727786774,6135 Timothy Wall Suite 169,North Hayleybury,GA,32879,2003-09-17
1451,Maria,Snyder,marias@gmail.com,5174847549,9060 Dixon Road Suite 243,Port Peterburgh,CA,27622,1980-08-14
1452,Joseph,Morales,jmorales@example.com,5945237338,93253 Garcia Mills,Chelseaburgh,NY,35046,1991-06-03
1453,Kurt,Schmidt,kurt.schmidt@gmail.com,2512653583,7261 Krueger Inlet,South Cameron,NH,26337,2004-12-17
1454,Lisa,Miller,lisam@gmail.com,7044437366,62699 Bell Plains,East Jamesshire,CT,89756,1946-09-27
1455,Ruth,Chandler,ruth_chandler@yahoo.com,1763548718,8836 Blake Pine,North Carloshaven,TX,65922,1942-06-14
1456,Marc,Diaz,marcd@yahoo.com,8866781724,1620 Bryan Islands,Snowbury,PA,30425,1971-10-16
1457,Robert,White,robertwhite@outlook.com,1512610870,29705 Brown Villages Apt. 304,Tylerville,MI,58121,1986-06-22
1458,Curtis,Rojas,curtisrojas@example.com,8474700011,60259 Thomas Divide Suite 218,Oliviaport,ID,54092,1984-04-24
1459,Angela,Williamson,angela.williamson@yahoo.com,3683958778,713 Mathews Circles Apt. 021,Rowlandmouth,TN,26178,1968-05-10
1460,David,Knox,david.knox@yahoo.com,8709119395,33399 Lisa Spur,New Pamville,AR,57855,1985-12-26
1461,Alyssa,Blankenship,ablankenship@example.com,2402914511,01660 Jennifer Rest Suite 059,South Ericland,ID,65717,1977-05-19
1462,Brenda,Anderson,brenda_anderson@outlook.com,5105002891,2193 Phillips Courts,Glennton,IL,39126,1986-04-14
1463,Stacey,Long,stacey_long@example.com,3817828776,10303 Connie Springs,Port Kevinberg,MP,76336,2006-12-10
1464,Chad,Richardson,crichardson@gmail.com,6670425277,78441 Martin Row,Stephenburgh,LA,20202,1955-08-06
1465,Brian,Jensen,brianjensen@outlook.com,8550198916,42214 Nathan Haven Suite 667,East Devintown,WV,27165,1959-05-18
1466,Pamela,Villarreal,pamela.villarreal@gmail.com,5103914559,94999 Armstrong Shores,Kyleburgh,MP,35832,1974-09-10
1467,Michele,Anderson,michele.anderson@gmail.com,9309969292,00429 Bill Glens,Kevinhaven,PW,89649,1962-03-15
1468,Ashley,Jackson,ashley.jackson@outlook.com,6859112332,9973 Kayla Isle Apt. 340,Christinehaven,LA,71708,1982-02-21
1469,Maurice,Miles,mmiles@gmail.com,1993817158,677 Troy Throughway,Sandovalton,SC,23089,1993-11-11
1470,Teresa,Stewart,teresastewart@yahoo.com,2959083007,0654 Caitlin Expressway Suite 062,North Tamara,AR,67138,1969-01-25
1471,Amber,Jones,amberjones@example.com,8955609796,50288 Anderson Path Suite 233,East Patrickhaven,NC,55051,2006-04-07
1472,Brittany,Lopez,brittanylopez@yahoo.com,1166697845,9212 Anthony Vista,Medinaberg,AK,90334,1946-07-09
1473,Andrea,Davis,andreadavis@yahoo.com,2395419039,864 Andrea Loaf,Port Janeshire,RI,26779,2008-02-16
1474,Ann,Williams,ann_williams@yahoo.com,4021235416,48759 Stephanie Fort Suite 334,Clarkbury,SC,40531,1966-03-12
1475,Lauren,Mcdowell,lauren.mcdowell@outlook.com,4718577856,91558 Keith Rest,Austinmouth,AZ,28070,1977-08-10
1476,Thomas,Davis,thomasd@outlook.com,1112670256,95751 Weiss Springs,Keyton,NC,49970,1949-10-19
1477,Caroline,Ware,carolinew@outlook.com,6295882477,67264 Smith Square,Jeremybury,ND,67933,1955-01-07
1478,Erik,Baker,erik.baker99@yahoo.com,2830587439,5115 Tanner Drive,East Emilyshire,MS,01699,1961-04-19
1479,Deborah,Burton,deborahburton@yahoo.com,8799657026,850 Luna Dale Suite 852,Walterville,FL,30929,1995-03-07
1480,Thomas,Baker,thomas.baker47@example.com,4078645791,063 Watson Meadow Apt. 007,West Jessica,GA,14957,1963-06-07
1481,Nicholas,Cruz,nicholas_cruz@outlook.com,2390240218,815 Anderson Grove,Lake Michaelbury,ID,58689,2001-10-10
1482,Raymond,Pittman,raymond.pittman@yahoo.com,9182440537,040 Castaneda Key,Danielfort,UT,92328,1943-07-10
1483,Vincent,Allen,vincent.allen92@yahoo.com,3975851893,270 Smith Highway Apt. 354,Ashleyborough,PR,18781,2000-08-14
1484,Erin,Anderson,erina@outlook.com,5495229445,01377 April Heights Apt. 845,Tammytown,GU,32503,1948-10-05
1485,Diana,Rodriguez,diana_rodriguez@gmail.com,9341272964,8033 Travis Haven Apt. 416,South Molly,LA,27100,1944-10-28
1486,Cody,Wiggins,cody.wiggins@yahoo.com,3967457222,989 Michael Coves,Hernandezview,OK,84618,1976-10-31
1487,Catherine,Conner,catherine.conner@outlook.com,9458482865,608 Rowe Village,New Trevormouth,IA,12990,1986-02-18
1488,Jacqueline,Parker,jacqueline.parker@gmail.com,4025814673,33813 Silva Passage Apt. 853,Lunafort,GA,88113,2004-05-18
1489,Marvin,Lee,marvin.lee@yahoo.com,5280206558,7266 Phillip Skyway Apt. 301,Lake Jody,NM,84576,1965-10-02
1490,Robert,Smith,rsmith@gmail.com,4160596206,71927 Wilkerson Lights,Sarahshire,AL,28490,1975-07-03
1491,Latoya,Sanders,lsanders@example.com,3317172496,180 Bailey Trail Apt. 269,New Kelseyhaven,KY,71136,1979-01-13
1492,Nicole,Johnson,nicole.johnson@outlook.com,1156072982,867 John Inlet Apt. 491,New Annebury,CO,72859,1994-07-31
1493,William,Howard,whoward@outlook.com,0018088210,148 Cohen Unions,Weaverborough,CA,28014,1992-10-21
1494,Brittany,Aguilar,brittany_aguilar@yahoo.com,5012844880,612 Hall Radial,Sharonfort,LA,97296,1954-10-10
1495,Derek,Brown,derek.brown@outlook.com,8275047764,821 Johnson Creek,Port James,WV,29083,1960-02-21
1496,Derrick,Price,derrick.price80@gmail.com,8911972316,1935 Anna Mills,Lambertport,VI,29331,1989-01-29
1497,Connor,Roy,connorr@yahoo.com,8270174897,05560 Vargas Stravenue Apt. 662,South Jessicatown,NE,79113,1950-04-03
1498,Suzanne,Crane,suzannec@outlook.com,3557783464,221 Marcus Rest,Richardsonfurt,SD,63384,1967-03-08
1499,Nicholas,Davis,nicholasdavis@yahoo.com,9674883935,658 Scott Points,Paynebury,CA,74956,1986-09-24
1500,Patricia,Summers,patricia.summers44@example.com,0010953320,87846 Jessica Crest Suite 847,Williamchester,NE,41697,1994-06-06
1501,Jennifer,Reese,jenniferr@gmail.com,3981537864,751 Brittany Way,East Daniel,LA,54024,1998-04-30
1502,Jacob,Taylor,jacob.taylor@example.com,2348808117,49242 Jeffery View Apt. 914,Kimberlyborough,PA,01790,1969-07-25
1503,Rick,Miller,rick.miller25@example.com,0201401194,7748 Deanna Shore Apt. 240,Riostown,MH,52351,1987-06-26
1504,Jack,Stanton,jack.stanton@yahoo.com,3904125618,7108 Swanson Centers,Sarahaven,MO,20671,1958-12-26
1505,Shawn,Casey,shawnc@yahoo.com,4253901305,9416 Evelyn Crossing,West Tracyside,MS,05171,1961-03-17
1506,Emily,Coffey,emilycoffey@yahoo.com,3207280853,95988 Brian Road,North Billyfurt,CO,42670,1991-03-01
1507,Jessica,Weeks,jessicaweeks@example.com,2648437531,69453 Robin Mount,Port Antonio,NC,44713,2002-04-22
1508,Christopher,Melton,christopher.melton19@gmail.com,7301259365,16268 Kimberly Parks Apt. 042,Robinburgh,ID,44187,1981-01-13
1509,Taylor,Rodriguez,trodriguez@example.com,5601020999,3235 Cameron Plaza Suite 263,Scottchester,GU,26371,2007-12-12
1510,Kimberly,Chang,kimberly_chang@outlook.com,9289620714,90159 Michael Mill Apt. 289,Lake Kathrynberg,FM,17245,1942-07-10
1511,Nicole,Harmon,nicoleharmon@yahoo.com,3420315852,7140 Michael Ranch,West Angela,PR,54429,1942-11-10
1512,Amanda,Wilkinson,amanda_wilkinson@yahoo.com,7424636995,46308 Matthew Branch Apt. 058,Trevinoville,RI,19417,1958-09-17
1513,David,Meyer,davidmeyer@example.com,9570575169,11806 Watson Harbor Apt. 625,Combsburgh,NV,96205,1988-09-21
1514,William,Brooks,william_brooks@yahoo.com,1023845019,87033 David Circle Suite 889,Morganmouth,HI,99797,1976-11-13
1515,Kevin,Shaw,kevin_shaw@yahoo.com,3760276095,558 Austin Cliff,Christinaberg,IN,09226,1984-07-21
1516,Adam,Mueller,adamm@gmail.com,7672316890,890 William Knolls Apt. 562,Millerland,ND,81359,1960-12-18
1517,Brittany,Valencia,brittany_valencia@gmail.com,1803516148,2109 Tamara Land,West Christopherport,CA,19382,1965-04-07
1518,John,Green,jgreen@gmail.com,4538779048,291 Harper Parkway,Kelseyborough,WI,10248,1947-11-04
1519,Thomas,Gilmore,thomas.gilmore71@yahoo.com,9342854917,7927 Taylor Island Apt. 230,Mauricemouth,IL,20342,1992-03-10
1520,Scott,Doyle,scottd@yahoo.com,4488365189,97092 Graham Port Apt. 783,Leeton,VA,54900,1946-02-22
1521,Joy,Reed,joy.reed@outlook.com,2266382815,54232 Perez Villages Apt. 987,New Stephenborough,ME,33496,1943-11-03
1522,Gilbert,Cain,gilbertc@gmail.com,0594081616,36074 Morrison Cliff Apt. 467,New Samanthastad,OK,41606,1977-11-23
1523,Anthony,Montgomery,anthony.montgomery@yahoo.com,0537563389,2765 Tyrone Extension,Candacestad,AL,51804,1943-06-01
1524,Stephen,Mcintyre,stephenm@yahoo.com,3147229371,165 Gentry Port,East Karenborough,GU,31456,1979-04-08
1525,Dana,Lester,dana.lester@yahoo.com,7860081549,194 Joseph Isle Apt. 613,Lake Michelle,IA,69392,1972-10-24
1526,Patrick,Fox,pfox@outlook.com,0073267475,056 Sarah Turnpike Apt. 193,Joanmouth,TX,68161,1969-12-18
1527,Anthony,Zuniga,anthony.zuniga23@example.com,5270934766,46044 Sheppard Prairie,Lake Kathy,WV,96985,1944-05-03
1528,Rebecca,Murillo,rebeccam@example.com,4938306929,37292 Bobby Flat Suite 103,Connorton,MD,38123,1948-02-05
1529,Fernando,Tran,fernandot@yahoo.com,8429430409,43837 Lee Orchard Apt. 186,Coreytown,FL,44019,1963-06-21
1530,Monica,Morgan,monica.morgan17@outlook.com,9286043056,4284 Denise Extensions,Paulfort,SC,24324,1996-01-31
1531,Anthony,Hernandez,anthony.hernandez15@example.com,8252894849,21494 Ashley Throughway Apt. 106,Bradshawhaven,ND,55873,1961-09-23
1532,Ian,Berg,ianb@yahoo.com,6333544970,48626 Duncan Mission,Leeton,NY,68165,1970-05-16
1533,Justin,Cook,justin.cook69@gmail.com,4422404236,576 Macdonald Flats,Davisfurt,TX,76371,1945-07-10
1534,Anthony,Cantu,anthony_cantu@yahoo.com,2770001095,8003 Chang Pine Apt. 817,Owenberg,RI,08718,1961-12-24
1535,Nicholas,Kennedy,nicholask@example.com,0977801866,880 Moses Canyon Suite 615,Thomasfurt,MN,48266,2001-07-06
1536,Gabriel,Adams,gabriel.adams@gmail.com,7271018243,43662 Paul Glens,Lake Alyssaside,FL,49432,1948-02-12
1537,David,Jones,david_jones@gmail.com,5651500001,22813 Noah Walks,North Austin,WV,76026,1983-05-10
1538,Brandi,Jones,brandij@yahoo.com,2176460930,912 Williams Cliff,Port Kristenville,MN,35291,1996-05-06
1539,Kristin,Mcintyre,kristinm@example.com,2386712466,6971 Williams Heights,Archermouth,CO,86175,1955-10-31
1540,Lindsey,Lopez,lindsey_lopez@outlook.com,0794389759,028 April Forest Suite 466,West Jennifer,NM,46715,1982-01-03
1541,Brittany,Mays,brittany.mays@yahoo.com,7400021659,8158 Adams Meadows Apt. 896,West Angelamouth,NV,21488,1945-11-09
1542,Robert,Melton,robert.melton@gmail.com,5267047112,3276 Timothy Parkway Apt. 347,New Brittanyshire,HI,66470,1972-02-28
1543,Roy,Norris,roy.norris97@example.com,4683466976,70088 Stephanie Drives Suite 910,Brownburgh,NH,75852,2001-03-19
1544,Ashley,Kane,ashleykane@yahoo.com,3404889986,5952 Brooks Estates,Port Adamtown,MS,01978,1943-12-14
1545,Sonya,Butler,sonya.butler98@outlook.com,6977438802,88784 King Causeway,Gainestown,NC,46964,1941-02-19
1546,John,Powers,johnp@gmail.com,4399057112,915 Nichols Highway,South Ryanview,DE,13689,2007-06-08
1547,Kimberly,Bennett,kimberlyb@outlook.com,4016879233,6037 Melissa Plaza Suite 656,West Sarah,GA,65660,1982-06-20
1548,Susan,Taylor,staylor@yahoo.com,2443457295,0717 Virginia Alley Apt. 448,Angelaville,GU,54171,1975-10-25
1549,Hannah,Thomas,hannah.thomas25@outlook.com,2345932550,259 Robert Lakes,North Dawn,TN,90960,2007-07-23
1550,Mark,Nelson,mark.nelson5@outlook.com,9101646364,4608 Clarke Vista,Port Ronnieville,HI,08578,1982-10-20
1551,Deborah,Walker,deborah.walker@gmail.com,3449660213,851 Chad Locks,Glendafurt,HI,96927,1956-05-26
1552,Laura,Gallagher,laurag@example.com,9711566870,23288 Walker Branch Suite 755,Port Sean,DE,55253,1955-09-07
1553,Lorraine,Jones,lorraine_jones@example.com,8099251820,6501 Hubbard Rest,North Shannonland,NM,38697,1960-05-27
1554,Timothy,Jimenez,timothy_jimenez@gmail.com,3938940340,81592 Chambers Mountain Suite 157,East Nicolefurt,WI,42098,1956-10-24
1555,Bryan,Smith,bryan.smith@yahoo.com,2727520278,3706 Anderson Extensions,New Marthafurt,KS,45965,1992-09-25
1556,Logan,Herman,logan_herman@yahoo.com,1968273918,5905 Mcclain Squares Suite 960,Benjaminhaven,SD,92304,1959-03-14
1557,Jamie,Johnson,jamie.johnson40@example.com,0402863630,287 Jones Crossing,East Natalieborough,CA,63849,1954-11-15
1558,Adam,Baker,adam.baker@example.com,7808952701,8854 David Port Suite 111,South Daniel,OH,28343,1944-06-09
1559,Jerome,Wilson,jeromew@example.com,6600237597,693 Margaret Spurs,West Rhondaton,WV,74365,1984-07-08
1560,Matthew,Nelson,matthew.nelson92@gmail.com,0959320447,47559 Irwin Flats Apt. 890,Carrieburgh,GA,23024,1993-01-31
1561,Kristin,James,kristin.james@gmail.com,5235328929,6202 Hart Falls Apt. 590,West Danielleborough,AS,58868,2001-06-22
1562,Michael,Johnson,michaelj@example.com,2534148769,16532 Sara Mills Suite 292,Port Mary,IA,38092,2004-12-28
1563,Kristin,Moody,kristinmoody@yahoo.com,7391034714,6378 Carpenter Ferry Suite 486,Millerfort,CT,18971,1947-03-07
1564,Theresa,Mccoy,theresa_mccoy@outlook.com,1560159556,80028 Roberts Mountain Apt. 237,New Noahtown,FL,71963,1945-08-29
1565,Brittany,Watson,brittany.watson@yahoo.com,5589558661,3025 Lauren Stream Apt. 293,Port Carlaland,NJ,85478,1947-03-12
1566,Linda,Harris,lindaharris@outlook.com,5806798373,333 George Bypass,Angelaview,FM,55976,1955-01-19
1567,Matthew,Hunter,matthew.hunter@gmail.com,0104166690,878 Evans Park,Davidview,KS,64280,1999-07-01
1568,Cynthia,Garcia,cynthia.garcia@gmail.com,1034302641,363 Zoe Islands,Freemanland,MO,54691,1998-03-04
1569,Marcus,Padilla,marcuspadilla@outlook.com,3365469087,5689 Morris Lodge,Martinezstad,VA,03943,1989-07-15
1570,Cheryl,Brown,cherylb@yahoo.com,6314972449,5797 Shaw Isle,Alexanderland,OH,49671,1943-10-04
1571,Shaun,Williams,swilliams@gmail.com,8749157126,42330 Paul Courts Apt. 394,Port Marvinport,IA,69819,1971-05-17
1572,Alexander,Jones,ajones@outlook.com,6403994808,25116 Simpson Crescent Suite 991,East Danielstad,UT,12621,1968-11-07
1573,Deborah,Swanson,deborahswanson@gmail.com,0133720768,2199 Hall Track,West Thomasfort,UT,30028,1970-07-07
1574,Stephanie,Carlson,stephaniec@example.com,8415696029,3341 Carrie Port,East Josehaven,MI,13481,1961-06-05
1575,Cheryl,Dunn,cheryld@gmail.com,2063326709,07145 Hayes Streets Apt. 286,Patrickport,ME,47187,1961-11-22
1576,Anna,Holland,anna_holland@yahoo.com,4894215749,736 Victor Path,Mitchellbury,DC,73875,1994-09-30
1577,Bryan,Garcia,bryang@yahoo.com,4573496578,2278 Melissa Square,North Stephanieland,SC,06707,1946-08-11
1578,James,Sullivan,james_sullivan@outlook.com,4191979122,556 Garcia Valleys,West Sean,WI,62610,1947-04-27
1579,Wendy,Rodriguez,wrodriguez@yahoo.com,9530330048,38889 Jessica Spurs,East Kristinberg,NY,31379,1955-09-05
1580,John,Madden,jmadden@gmail.com,1837668583,524 Yu Lights Apt. 305,West Carla,MH,57779,1967-01-21
1581,Jennifer,Bennett,jennifer.bennett51@gmail.com,4496297873,9929 Burton Falls Suite 147,West Pamela,MT,19503,1983-08-22
1582,Daniel,Vargas,daniel.vargas54@outlook.com,4835913685,8985 Paige Common,Whitefort,PA,55295,1987-09-04
1583,Charles,Dalton,charlesd@example.com,6808306726,74022 Thomas Dam Suite 464,South Johnborough,MH,73436,1992-01-17
1584,Erin,Costa,erin.costa53@outlook.com,8335923726,59772 Johnson Lights Apt. 865,Port Jenniferton,WA,33875,1976-05-24
1585,Richard,Clark,richardclark@gmail.com,0727753427,34674 Carmen Gateway Apt. 449,Jonesville,VT,16166,1969-07-16
1586,Sydney,Hughes,sydneyh@yahoo.com,0722015462,65014 Hayden Circle Apt. 535,Erintown,OH,40923,1998-09-19
1587,Felicia,Thomas,feliciat@yahoo.com,9548484602,00533 Morgan Island Suite 401,Shortton,UT,52064,1973-12-02
1588,Michael,Koch,mkoch@outlook.com,0195075420,5681 Lewis Trafficway Apt. 175,Anthonyfurt,NY,25356,1970-12-02
1589,Amy,Ferguson,amy.ferguson@gmail.com,0932229262,071 Amy Ville,New Edwardside,KY,14669,1955-07-15
1590,Mark,Henry,mark_henry@outlook.com,5942889585,62303 Ritter Lakes Suite 580,South Toddbury,TX,08441,1981-02-13
1591,Kerri,Sanchez,kerrisanchez@example.com,1183365295,7116 Jonathan Point Suite 550,Milesville,RI,39965,1950-03-29
1592,James,Richardson,jrichardson@example.com,6395137068,557 Vincent Glens,Alexisfurt,UT,24446,1975-10-06
1593,Amanda,Davidson,amanda_davidson@example.com,1022113809,87119 Williams Motorway,Buckburgh,FM,47391,1967-07-27
1594,Lindsey,Turner,lindsey_turner@outlook.com,7712694368,5537 Edward Trace,Holtchester,NE,15806,1953-11-25
1595,Sarah,Lee,sarahl@yahoo.com,4347524179,3532 Ball Plaza,Lake Veronica,AR,66887,1986-05-12
1596,Jessica,Peterson,jessica_peterson@yahoo.com,2150729056,7103 Gomez Street Suite 704,Lake Brentbury,IL,79545,1956-11-05
1597,Nicole,Whitaker,nicole.whitaker@example.com,1706467423,093 Spencer Center,West Dakotaburgh,IL,75796,1972-08-15
1598,Teresa,Weaver,teresaweaver@yahoo.com,4675089706,8762 Michelle Groves Apt. 089,East Francisco,NY,90189,1964-08-10
1599,Tony,Anderson,tony.anderson3@outlook.com,4325314637,88036 Gordon Orchard,Parsonsmouth,MO,66910,1968-12-06
1600,Olivia,Santiago,olivias@yahoo.com,8595492193,180 Macias Course,Jennabury,NM,07658,1962-03-24
1601,Rachel,Fuller,rachelfuller@yahoo.com,2470085438,713 Mark Locks,North Ericmouth,UT,82600,1987-04-26
1602,Latoya,Carpenter,lcarpenter@gmail.com,9624625963,7717 Russell Valley,Jeremystad,WA,40671,1954-09-27
1603,Joseph,Gutierrez,jgutierrez@outlook.com,9128520281,695 Buck Estates,Wellstown,IN,58396,1965-05-22
1604,Tyler,Short,tyler.short@outlook.com,6414356450,825 Hill Light Suite 557,Lake Dana,MN,58064,1941-09-01
1605,Jeremiah,Martinez,jeremiah.martinez6@example.com,6755577697,827 Regina Flat Suite 012,Garymouth,MN,38140,1980-01-05
1606,Amy,Gonzalez,amy.gonzalez71@example.com,4872241964,023 Cynthia Place,Ryanview,VI,81131,1944-07-20
1607,Loretta,Jenkins,lorettaj@example.com,6239220099,048 Keith Pass Apt. 417,Tarachester,LA,31049,1999-03-26
1608,Derek,Patel,derek.patel@outlook.com,9627381117,060 Newton Prairie Apt. 554,Manueltown,SC,46126,1968-01-02
1609,Bryan,Jones,bryanj@yahoo.com,8265766569,124 Stanley Knolls,New Bethburgh,OK,55246,1959-12-05
1610,Susan,Campbell,susan_campbell@gmail.com,4925620992,9632 Lawson Trafficway Apt. 560,New Robert,AK,91708,2005-11-02
1611,Rhonda,Davis,rhondadavis@example.com,6837408625,5084 Robles Court Apt. 157,Luceroshire,OR,31130,1975-01-17
1612,Antonio,Wise,antoniowise@outlook.com,5154670119,3961 Ellison Burgs Apt. 428,Lake Andrewborough,CA,47548,1999-08-15
1613,Wyatt,Tran,wyatt_tran@outlook.com,6414554844,6398 Steven Ford Suite 943,Martinview,CT,42647,2000-10-17
1614,Clinton,Wheeler,clintonwheeler@gmail.com,5461812608,225 Patricia Heights,Matthewsport,ND,41735,1957-12-14
1615,Ashley,Thomas,ashleyt@outlook.com,0656737479,1893 William Court,West Benjamin,UT,64710,1979-07-15
1616,Ashley,Green,agreen@example.com,7030519060,383 Mark Branch,Ronaldbury,IL,44881,1958-04-25
1617,John,Bryan,jbryan@outlook.com,6748031127,7909 Jenna Port,North Nicoleshire,RI,73054,1975-04-25
1618,Shelley,Hicks,shicks@outlook.com,4627052364,66847 Daniel Manor,New Joshua,MO,20117,1986-09-30
1619,Robert,Brewer,robert.brewer54@example.com,9823350642,794 Hood Mountain,West Shelbystad,PW,08469,1999-06-28
1620,Heidi,Robinson,heidirobinson@gmail.com,0175048229,422 Jenkins Overpass,New Dawnmouth,AR,40419,1981-02-11
1621,Margaret,Mckinney,margaret_mckinney@example.com,0363018929,57651 Vincent Forks,North Heather,AZ,97451,1962-08-08
1622,Denise,Carter,denisec@example.com,2858563528,436 Karen Fort Suite 799,Amyborough,WV,49895,1958-08-10
1623,Keith,Schneider,kschneider@outlook.com,8202337432,606 Peck Spurs Suite 610,Jimenezville,RI,25231,1989-10-08
1624,Julie,Martin,juliemartin@gmail.com,0348746424,14237 James Ridge Apt. 789,South Gerald,GA,05081,1994-02-15
1625,Shawn,Medina,shawnmedina@outlook.com,2808606137,72006 William Meadows Suite 622,New Dianamouth,SD,83389,1964-11-23
1626,Beth,Obrien,bobrien@gmail.com,0180827931,3169 Mcgee Club,East Katherinehaven,NY,07499,1947-02-04
1627,Jessica,Davis,jessicadavis@yahoo.com,9667986445,800 Barton Way,West Robertburgh,OK,30843,1970-08-24
1628,Norma,Lucero,norma.lucero56@gmail.com,9467703181,2695 Mendoza Corner,Sanchezstad,NJ,41168,1981-01-18
1629,Russell,Reynolds,russell_reynolds@yahoo.com,5902374292,673 Andrea Pass Suite 913,North John,OR,49345,1962-01-24
1630,Brittany,Barnes,brittanyb@example.com,5432273580,0417 Meghan Lane Apt. 954,Millerport,RI,72624,1970-10-08
1631,Jeff,Johnson,jeffj@yahoo.com,7533610665,9151 Nancy Divide,Christopherton,SD,09010,1957-03-21
1632,Tracy,Dalton,tracydalton@example.com,2593995484,991 Laura Ranch,West Lisamouth,CT,45254,1966-03-22
1633,Randall,Blair,randallb@yahoo.com,6019752250,75587 Shannon Green Apt. 134,Andersonfort,PR,91570,1967-06-16
1634,Victor,Hopkins,victorh@gmail.com,2758769267,10259 Wright Glens Suite 037,Melissaport,PW,77261,1987-10-27
1635,Randall,Elliott,randalle@yahoo.com,9720639889,2455 Dunn Squares,North Krista,IA,49834,1980-06-25
1636,Susan,Bowers,susanb@outlook.com,7608461858,6812 Reyes Rapids Apt. 539,Natashafurt,IA,72968,1989-02-28
1637,Latoya,Bass,latoya.bass48@outlook.com,3169587767,406 Price Rapids Suite 592,Richardside,KS,90458,1989-05-27
1638,Johnny,Sullivan,johnny.sullivan99@example.com,6619737609,710 Briggs Groves Suite 457,Lake Linda,MA,16702,1949-06-15
1639,Jesse,Rios,jesse.rios@yahoo.com,1306161202,926 Katherine View,Jefferybury,SC,66368,1977-10-14
1640,Kelly,Jennings,kelly_jennings@example.com,6384188181,21162 Richardson Divide,East Stevenport,IL,11076,1966-09-26
1641,Eric,Krause,eric.krause27@yahoo.com,1602601023,66544 Reese Brook,Lake Kelly,MN,82509,1953-12-14
1642,David,Robinson,david.robinson82@yahoo.com,4063885916,215 Nathan Drives Apt. 757,Michaelberg,NE,45315,1955-06-28
1643,Jill,Hill,jill.hill75@outlook.com,2610030428,374 Jamie Mountain Apt. 473,Yangchester,WV,92373,1972-07-14
1644,Thomas,Smith,tsmith@outlook.com,0257764069,77189 Patrick Lodge Suite 838,Port Karina,VT,41472,1999-12-26
1645,Jessica,Yates,jessicayates@example.com,6291635835,4024 Jeremiah Islands,Bradleyshire,CA,93927,1969-01-26
1646,Nicole,Carroll,nicolec@example.com,5924744217,2948 Tammy Alley,Obrienborough,LA,29557,1967-07-12
1647,Richard,Gibson,richardg@example.com,6362636195,412 Katherine Roads,Lake Charlesfort,WA,47909,1978-06-27
1648,Gregory,Zimmerman,gregoryz@yahoo.com,6682367330,624 Jesse Tunnel Suite 369,Mitchellview,OH,20909,1981-12-02
1649,Tina,Garcia,tina.garcia52@outlook.com,6981699569,9704 Jamie Inlet Suite 845,Saundersberg,UT,65794,1975-03-08
1650,Beth,Mitchell,bethm@yahoo.com,0374275437,82471 Kelsey Vista,Christineside,FL,65971,2005-09-10
1651,Thomas,Long,thomasl@example.com,2015837264,0568 Katherine Park Apt. 835,Ryanhaven,MD,75045,1985-02-22
1652,Jessica,Pitts,jessicapitts@yahoo.com,4186135279,2582 Johnson Walk,West Markbury,KY,22428,1965-09-20
1653,Laura,Brown,laura_brown@outlook.com,3843275259,84185 Cole Glen,Parkermouth,MH,39566,1943-02-03
1654,David,Moore,david.moore@gmail.com,3547553127,12565 Heather Station,Scottmouth,UT,49804,2003-12-09
1655,Andrea,Nichols,anichols@gmail.com,7412625292,01634 James Shoals,Sandrafort,MO,49225,1947-11-19
1656,Angela,Deleon,adeleon@outlook.com,0884081233,94537 Jones Ville,Millerhaven,FL,55910,1974-09-12
1657,Susan,Barnes,susanb@gmail.com,9639701716,32195 Rollins Light Apt. 517,Hughesburgh,VT,33691,1948-02-02
1658,Ashley,Hart,ashley.hart@gmail.com,0100845778,4164 Johnson Crossing Apt. 190,Lake Pam,WI,82879,1959-09-03
1659,Samantha,Robles,samantha.robles@yahoo.com,0338376089,425 Bell Vista Suite 587,Lake Chelseaborough,OR,14636,2002-09-23
1660,Frank,Harper,frankh@gmail.com,4148300634,178 Timothy Drives Apt. 001,Apriltown,MD,81019,1952-03-13
1661,Kenneth,Middleton,kenneth.middleton@yahoo.com,2289286652,39456 Taylor Fort Suite 607,South Sarah,HI,95184,1949-11-23
1662,Jason,Bowen,jbowen@gmail.com,0915836437,5855 Cooper Mill Apt. 650,Ericksonside,NJ,37443,1962-03-19
1663,Barbara,Boyd,barbaraboyd@gmail.com,4318218683,6092 Eric Mills Suite 172,Juanfort,GU,20206,1945-08-12
1664,Leslie,Cook,leslie.cook@example.com,3871036021,39754 Valdez Island Suite 586,Derrickton,MA,69838,2004-02-18
1665,Brian,David,brian.david@gmail.com,6284473777,735 Keith Orchard Suite 185,New Angela,OK,44385,1963-03-02
1666,Cheryl,Perry,cherylp@outlook.com,8164828636,986 Gabrielle Spring,West Paulside,WV,76260,1966-02-16
1667,Sheila,Frazier,sheilafrazier@yahoo.com,3805363088,59073 Emily Mill Suite 086,Port Natalietown,KY,75139,2006-06-29
1668,Kristen,Arroyo,kristenarroyo@example.com,3507491039,8842 Reynolds Avenue Suite 214,Debratown,AL,44357,1982-02-24
1669,Andre,Mendoza,andre_mendoza@gmail.com,4432129646,436 Spencer Heights,North Cynthiaview,GU,65356,1945-11-29
1670,Travis,Cabrera,traviscabrera@gmail.com,3240933139,23824 Marvin Plaza,New Edward,NJ,54901,1994-09-01
1671,Mercedes,Anderson,mercedes.anderson@outlook.com,7478929115,4200 Jones Village Apt. 221,Lake Adrianbury,MN,84742,1999-03-18
1672,Jessica,Scott,jessica.scott@gmail.com,7933665540,42066 Russell Route Suite 164,New Michael,WA,41884,1944-06-18
1673,Edward,Jones,edward_jones@outlook.com,2264881842,958 Cameron Way Apt. 898,Mitchelltown,MN,04478,1971-04-27
1674,Jessica,Lawson,jessica_lawson@yahoo.com,4462888975,756 Jennifer Cape Apt. 132,South Tyler,FM,72003,1995-03-27
1675,Jason,Smith,jason.smith77@example.com,1771407223,62881 James Place Apt. 127,Jenniferside,DE,23825,2004-07-20
1676,Timothy,Snyder,tsnyder@example.com,3954686602,2073 Johnson Estates,Toddshire,HI,69724,2007-07-06
1677,Mariah,Mann,mariah.mann@outlook.com,5008460483,8099 Maria Pine,North Julia,GA,11824,1966-01-18
1678,Kenneth,Miles,kennethmiles@outlook.com,7418660677,61376 Snyder Springs,South Shannon,MS,52188,1972-03-18
1679,Shelly,Beck,shellyb@outlook.com,3144124398,834 Hardin Crest Suite 466,Taylorburgh,LA,29678,1982-12-31
1680,Nicole,Valencia,nicolev@outlook.com,7629450565,62593 Houston Union,Port Jasminefort,NV,02637,1965-04-09
1681,Jeanette,Gordon,jgordon@yahoo.com,1664389556,8229 Amber Square,East Craigborough,DC,43973,2001-10-10
1682,Kayla,Berger,kayla_berger@example.com,5104703607,884 Andrew Trail Apt. 184,Davisberg,WI,11362,2006-03-01
1683,Calvin,Payne,calvinp@example.com,6428224296,480 Sheila Key Apt. 860,Ryanfort,RI,58020,1995-02-03
1684,James,Buchanan,jbuchanan@gmail.com,6453608590,8962 Gregory Divide,Jamesview,GA,21422,1998-02-07
1685,Anna,Mccarthy,anna.mccarthy37@example.com,4538899437,79082 Clarke Square,Aaronchester,MH,56627,1995-07-11
1686,Heather,Bowman,heather_bowman@outlook.com,3902501212,0547 Rose Vista Suite 230,Brendaport,PR,80843,1953-08-05
1687,Shelby,Carter,shelby.carter24@example.com,9419488552,64214 Aaron Trail Suite 462,Simmonsbury,MP,83148,2007-09-03
1688,Stacey,Simmons,ssimmons@yahoo.com,7903810344,513 Powell Crossing Suite 486,East Marie,AZ,80815,1982-02-06
1689,Kevin,Delacruz,kevind@gmail.com,4681385868,06762 Gardner Ports,Leetown,FM,27223,1997-06-22
1690,Jill,Brown,jbrown@outlook.com,5579324965,8780 Ramos Plain,Lake Wendy,IA,79393,2001-04-18
1691,Todd,Hernandez,todd_hernandez@example.com,4121113679,5649 Cynthia Flats Apt. 531,West Pamela,IA,65904,1968-12-31
1692,Michael,Snow,michael_snow@yahoo.com,9869724778,3692 Pennington Forest Suite 995,North Nicholas,WI,20376,1961-11-01
1693,Carrie,Hawkins,carrie_hawkins@outlook.com,5815032093,58199 Cheryl Islands Suite 807,Port Peter,VT,41353,1948-04-19
1694,Maria,Smith,marias@example.com,1239810253,5131 Kayla Parkway Suite 500,Jessicahaven,VI,43144,1972-09-02
1695,Molly,Cook,mollycook@outlook.com,4504804410,440 Mahoney Street,Hendrixfort,CT,61759,1993-01-17
1696,Sophia,Ross,sophiar@outlook.com,0991410113,9120 Dominic Pass Apt. 105,Markmouth,NY,49315,1957-11-20
1697,Jennifer,Farmer,jennifer.farmer82@outlook.com,9536308888,23813 Burns Locks Apt. 521,Wilkersonmouth,ID,52938,1983-09-02
1698,John,Martin,john_martin@example.com,6819550326,4470 Ryan Oval,Stoneton,MD,07577,1996-02-26
1699,Leslie,Carlson,lesliec@outlook.com,5391535027,70691 David Crest,West Chase,MA,60245,1999-12-15
1700,Whitney,Crawford,whitney.crawford@yahoo.com,9973850903,3844 Watson Spring,Nicholsville,SD,17592,1991-08-30
1701,Christine,Carlson,christine.carlson32@outlook.com,8197845645,4838 Cathy Shore Suite 889,Herreratown,HI,46871,1947-07-11
1702,Mario,Duran,mario.duran60@gmail.com,1407995768,620 Mary Forges Suite 750,East Jessicamouth,CT,08381,1948-07-05
1703,Alexander,Larsen,alexander.larsen@yahoo.com,6434892677,91778 Charles Hollow,Andersonview,IL,72792,1941-09-27
1704,Brittany,Adams,brittanya@outlook.com,1701945511,11746 Megan Brooks Suite 601,Hayesstad,UT,71345,1990-05-22
1705,Alexandra,Rice,arice@gmail.com,0260086599,863 Diane Passage,Lake Christopher,MT,12436,1944-07-17
1706,Matthew,Ford,matthew_ford@gmail.com,5328302843,3955 Christina Dale Suite 046,Johnbury,MT,62304,1969-07-06
1707,Richard,Campbell,richard.campbell@yahoo.com,8137916535,90676 Crystal Vista Suite 828,South Jeffreyberg,MI,93904,1999-09-01
1708,Mario,Reed,marioreed@outlook.com,1488498760,4759 Candice Corners,Philipchester,MS,49639,1995-01-07
1709,Deborah,Morales,deborah_morales@outlook.com,2993905096,392 Charles Courts,Zacharyshire,AK,28268,1944-02-19
1710,Pedro,Brown,pedro_brown@yahoo.com,8558211677,06769 Moore Tunnel,Thompsonfort,CT,98011,1990-03-03
1711,Harry,Sullivan,hsullivan@outlook.com,4448711813,064 Shawn Springs Apt. 917,Davidmouth,GU,96127,1974-06-03
1712,Gregory,Jefferson,gregory.jefferson@outlook.com,8904677608,70123 West Forks Suite 722,Gavinburgh,CO,40312,1961-09-25
1713,Erika,Patel,erikap@outlook.com,5871540637,86239 Melissa Dam Apt. 674,North Antonio,WV,78703,1954-07-18
1714,Amy,Lee,amylee@example.com,8838762856,385 Randy Crossing,East Jamesshire,HI,31010,1998-08-09
1715,Joseph,Boyle,josephb@outlook.com,7441202398,0267 Michelle Stravenue Apt. 057,Keithside,WI,12132,1967-02-19
1716,Danielle,Hoffman,danielleh@outlook.com,2919899577,599 Duncan Turnpike Apt. 440,Burnschester,MD,05411,1949-11-22
1717,Nancy,Kelly,nkelly@example.com,8086959580,230 Patricia Ridge,East Cheyenneview,CO,33581,1942-03-19
1718,Patricia,Smith,patricia.smith65@outlook.com,8332107537,1842 Smith Port Suite 987,North Nicoleport,NC,86334,1990-05-12
1719,Jessica,Thomas,jessicathomas@outlook.com,0573543381,75270 Jessica Alley Suite 815,West Robinstad,FM,38049,1943-11-29
1720,Daniel,Martinez,daniel.martinez38@outlook.com,5908160692,2800 Chad Junctions Apt. 833,Lake Jennifer,PA,60289,1993-10-09
1721,Gerald,Wilson,gerald.wilson@gmail.com,7623319463,96566 Howell Ranch Apt. 839,Hoffmanberg,OK,20567,1945-03-04
1722,Philip,Jones,philipj@yahoo.com,9405722653,46156 Wright Loaf,Brettshire,NH,94160,1985-07-15
1723,Evan,Wood,evan.wood@yahoo.com,9005668940,3978 Brian Terrace,South Mikaylamouth,AK,92192,1942-11-29
1724,Amber,Ellis,amberellis@yahoo.com,8214108847,3301 Christina Shoal,Rojastown,WA,92042,1963-08-17
1725,Tiffany,Robertson,tiffany.robertson5@outlook.com,0225651613,9744 Charles Street Apt. 338,West Jason,ND,22947,1987-02-24
1726,Christopher,Padilla,christopher_padilla@gmail.com,2597944114,4630 Smith Pines Apt. 116,Oliviamouth,CO,63968,1970-12-05
1727,Brittney,Carter,brittney_carter@outlook.com,7244672097,0036 David Estate Suite 464,Lake Dawnville,CT,16955,2003-06-17
1728,Crystal,Hebert,crystalh@gmail.com,5624240623,568 Kathryn Rapids,East Patriciashire,CT,90374,1998-09-15
1729,Joseph,Stewart,josephstewart@outlook.com,5312948186,0767 Richard Ville,Joview,ID,74160,1984-05-22
1730,Kristin,Smith,kristins@outlook.com,1437170110,1842 Johnson Cove Suite 592,Lake Lauraburgh,HI,44529,2005-06-07
1731,Crystal,Fernandez,crystal.fernandez4@gmail.com,0738015434,50414 Matthew Station,Jessicabury,MA,12347,1952-03-12
1732,Timothy,Richardson,timothy.richardson40@yahoo.com,2497845775,2325 Howard Fort Apt. 206,Port Jesseport,NM,94725,1949-06-25
1733,Steven,Johnson,sjohnson@outlook.com,1836005174,8176 Marie Junction Apt. 056,Port Kathy,AZ,05163,1972-05-22
1734,Brett,Romero,brett_romero@yahoo.com,0835186419,9161 Marcus Path Apt. 578,North Lindaborough,CT,27158,1973-09-12
1735,Michael,Rosales,michaelr@gmail.com,4174974045,47039 Ramos Islands Apt. 314,Jamieberg,PR,60680,1978-06-09
1736,Judith,Davis,judithd@yahoo.com,5099435319,9954 Kimberly Mills,Virginiaberg,CT,22682,1983-12-15
1737,Shannon,Rogers,shannonrogers@example.com,0715338668,60416 Mark Summit Suite 588,Richardbury,MH,67313,1992-11-21
1738,Ashley,Li,ashley_li@gmail.com,9976565473,7028 Thomas Haven,New Shannonland,OR,57285,1952-10-22
1739,Taylor,Coleman,taylor.coleman43@gmail.com,1907833580,5909 Johnson Highway,Shawnshire,VI,31737,1999-12-16
1740,Jose,Garcia,jose.garcia80@outlook.com,4169558855,33907 Baker Islands Suite 619,Chaseborough,WY,77148,1983-07-04
1741,Charles,Brooks,charles_brooks@outlook.com,5917498185,3981 Chad Terrace,South Amandaport,OR,90015,1998-02-02
1742,Andrew,Hansen,andrewhansen@outlook.com,4717675992,9380 Lee Meadows Apt. 333,Sherylborough,VI,91214,1993-02-04
1743,John,Lopez,johnl@gmail.com,4440052918,80050 Brady Harbor Suite 024,West Tiffanyside,VA,09012,1965-10-09
1744,Stephanie,Chapman,stephaniechapman@example.com,1928460159,689 Wilson Street,Deleonhaven,AZ,57052,1993-11-06
1745,Mike,Kelley,mike.kelley@gmail.com,0447716510,9863 Michael Lights Apt. 976,Lake Joshua,ND,86426,1981-12-26
1746,Joseph,Padilla,joseph.padilla3@yahoo.com,4459888668,61587 Smith Burg,East Jeanette,RI,54384,1941-03-27
1747,Heather,Wyatt,heatherw@outlook.com,4406349030,7062 Martinez Spur,Michaelburgh,VT,56402,2006-08-18
1748,Valerie,Griffith,valerie.griffith63@yahoo.com,2193691521,92233 Jeffery Burgs,Corymouth,ID,62063,1999-06-13
1749,Kaitlyn,Reyes,kaitlyn.reyes77@yahoo.com,4588513286,9475 Tucker Unions,Elliottchester,CT,40228,2006-03-25
1750,Faith,Simmons,faith.simmons66@yahoo.com,8503930756,091 Nicholas Ports,Lake Alexis,MD,01304,1989-11-27
1751,Susan,Miller,susanm@yahoo.com,2029133957,8178 Ruiz Union Suite 120,Nguyentown,ME,33039,1941-05-26
1752,Linda,Wells,linda.wells33@yahoo.com,0574001690,029 Finley Green,New Samuel,PW,76106,1951-09-17
1753,Eddie,Wallace,eddie.wallace@outlook.com,1544162408,662 Erica Lights Apt. 379,Lucaschester,CA,21716,1997-03-16
1754,Allen,Hartman,allen.hartman@yahoo.com,6135788274,690 Barber Drives,Port Jenniferborough,KS,33576,1962-06-18
1755,Brian,Johnson,brian_johnson@yahoo.com,3862087825,74502 Becker Shoal,Port Gregory,NJ,45755,1997-06-06
1756,Harold,Schmidt,haroldschmidt@yahoo.com,8659768730,20608 Jeffrey Ridge,West Brittany,MO,20723,1946-05-31
1757,Michael,Hebert,michaelhebert@yahoo.com,9077458309,406 Davis Plaza Suite 176,Lawsonview,ND,35009,1945-02-21
1758,Erin,Perez,eperez@example.com,4534057541,121 Jason Drive Suite 903,Heatherton,PA,27854,1985-10-07
1759,Savannah,Newman,savannah_newman@outlook.com,4611250061,8650 Conner Estate Apt. 351,Lake Wayneland,PR,61250,1990-07-05
1760,Robert,Rodriguez,robert_rodriguez@outlook.com,6346952943,404 Parker Trail Suite 794,East Ellen,ME,07804,1966-03-10
1761,Sarah,Hunt,sarahh@example.com,4483002079,91438 Kenneth Course,West Kellyborough,MO,41945,1982-07-17
1762,Katie,Nguyen,katie.nguyen@example.com,9776478213,9011 Benson Greens Suite 220,Lopezburgh,NH,22891,1973-07-08
1763,Natasha,Taylor,natasha.taylor12@gmail.com,7443386325,125 Nunez Fords,Courtneyton,KS,34168,2008-01-11
1764,Jo,Gutierrez,jgutierrez@yahoo.com,5264709134,348 Wilson Parkways,New Alexander,FL,56673,1966-08-03
1765,James,Murray,james.murray42@yahoo.com,9752034969,41507 Reyes Square,East Andrea,WY,38540,1985-10-25
1766,Bruce,Holder,bruce.holder@example.com,6639026999,52468 Hunter Streets,Derekbury,FM,80231,1959-03-30
1767,Russell,Kelley,russellkelley@example.com,8492103113,45915 Aaron Streets Apt. 360,Samanthafort,MT,23630,1957-07-29
1768,Sandra,Lewis,sandralewis@gmail.com,1256964357,000 Carlson Mountains Apt. 075,New Ryanbury,WV,91475,1944-01-29
1769,Larry,Jones,larryjones@yahoo.com,6829828213,2708 Mary Shores,South Davidburgh,FL,66981,1957-05-06
1770,Todd,Fox,todd_fox@example.com,3769110688,898 Alexander Viaduct,Sanchezport,AR,17654,1994-04-23
1771,Marie,Keith,mariekeith@gmail.com,7393177608,771 Kelly Crossing Suite 724,Williamston,KY,60058,1986-04-19
1772,Kathleen,Flowers,kathleenflowers@gmail.com,9936243017,0214 Wong Curve,West Danaton,ME,63530,2000-11-19
1773,Paul,Maynard,paulmaynard@gmail.com,0600690633,5379 Logan Drive,Jenniferberg,WI,57852,1949-07-05
1774,Randall,Simon,randall.simon95@example.com,3374844036,88218 Grant Wells,Hernandezview,AR,11608,1941-11-17
1775,Sherry,Huynh,sherryhuynh@gmail.com,5145123675,18423 Shields Points,Acostamouth,MS,18979,1961-07-01
1776,Lauren,Rogers,lrogers@example.com,2100104363,86819 Pamela Route,New Andrewbury,PW,57673,1953-09-05
1777,Donald,Moore,donald_moore@outlook.com,6236551592,2730 Allison Court,East Stacyborough,OH,72292,1962-05-27
1778,Elizabeth,Mccoy,elizabeth_mccoy@example.com,4671300850,93474 William Track,Port Christopher,MO,21423,1953-05-22
1779,Zachary,Hall,zachary.hall@example.com,5461458869,660 Rodriguez Inlet Suite 791,North James,MO,42721,1975-10-17
1780,Julie,Rojas,julie.rojas93@yahoo.com,4727550149,3835 Margaret Ramp Apt. 659,Franklinville,TX,83872,1949-12-15
1781,Gloria,Mcdonald,gloria.mcdonald@outlook.com,0423620656,87148 Jonathan Hills Apt. 665,Lake Ashlee,IL,31875,1960-12-28
1782,Charles,Smith,charless@yahoo.com,0718582683,7510 Harrell Path Suite 125,Joannafort,CA,37497,2000-01-17
1783,Angela,Parker,angelap@example.com,2989699357,55355 Perry Loop,Josehaven,KS,69464,1991-02-18
1784,Aaron,Nichols,aaron_nichols@gmail.com,4068593287,47502 Andres Shore,Jasonborough,AL,77669,1941-02-03
1785,Keith,Diaz,keith_diaz@outlook.com,4943111510,157 Danielle Estates,North Gregory,DE,80608,1949-11-23
1786,Julie,Guerrero,julieg@yahoo.com,7925123941,6941 Daniels Turnpike Apt. 642,South Curtismouth,TN,65062,1957-09-13
1787,Danielle,Farley,danielle.farley77@outlook.com,6493009453,537 Charles Branch Suite 812,East Russell,IA,86374,1947-08-30
1788,Jerry,Rodriguez,jerryr@yahoo.com,3038253975,965 Shelton Viaduct Apt. 670,Sandraborough,TX,65902,1963-07-25
1789,Emily,Ayala,emily.ayala@gmail.com,1967522397,2582 Wright Crossing Apt. 032,Wolfestad,WV,29597,1954-11-10
1790,Amber,Carter,amber.carter19@outlook.com,8318942396,018 Greg Drive Apt. 308,Thomasstad,VA,67033,1971-02-27
1791,Donald,Rose,donaldr@example.com,4590653073,158 Cain Heights,North Jeffreyshire,IN,14489,1997-01-31
1792,Gerald,Thomas,geraldt@example.com,0476646650,577 Linda Route Suite 548,Hoodfurt,MA,44875,1980-03-29
1793,Shawn,Casey,shawn_casey@example.com,1309965579,24014 Warner Center,North Amy,TN,05839,1943-08-29
1794,Brianna,Neal,bneal@gmail.com,2350558772,25526 Mason Mountain,Courtneyshire,AR,44847,1968-09-11
1795,Marc,Boyer,marcboyer@gmail.com,0311821130,420 Brown Falls,Stephaniebury,MI,56098,1961-11-25
1796,Daniel,Banks,danielb@example.com,0495792259,5540 Joseph Causeway,South Emilymouth,KS,26408,1963-08-06
1797,Valerie,Barton,valerie.barton14@outlook.com,6664076926,140 Patton Square,East Jasmineport,PW,77817,1954-01-13
1798,Derrick,Coleman,derrickc@gmail.com,3753965839,870 Eric Roads Suite 743,East Deborahberg,NY,62052,1947-08-06
1799,Jo,Garza,jo.garza@example.com,9657204328,758 Harvey Forge,Briannachester,HI,71985,2001-08-10
1800,Makayla,Mcclain,makayla.mcclain45@yahoo.com,3314840010,4654 Barbara Plaza Suite 650,West Johnborough,HI,12103,1986-05-17
1801,Gregory,Black,gregory.black30@yahoo.com,9160066817,454 Aaron Mission Suite 687,Lake Laurieport,AR,24389,1980-11-01
1802,William,Jones,williamjones@yahoo.com,5564378877,114 Julian Walk,East Julie,NC,59417,1996-03-17
1803,Marcus,Boyd,marcus.boyd@yahoo.com,5745900785,12370 Sullivan Land,East Randallburgh,NH,91664,1991-04-12
1804,Cameron,Thompson,cameronthompson@outlook.com,2122202290,70498 Becker Fort Suite 509,Lake Brookefort,AS,73018,1991-12-15
1805,Thomas,Castro,thomasc@outlook.com,9998645368,26714 Burns Trail Apt. 056,West Kimtown,VA,30632,1985-01-17
1806,Jose,Mccarthy,jose.mccarthy66@yahoo.com,5879326998,8392 Pearson Mills,Jimmybury,MN,79684,1975-02-14
1807,Debra,Salinas,dsalinas@gmail.com,9861513922,818 Leslie Junction Suite 875,Elizabethville,ND,44941,1974-11-16
1808,Allen,Meyer,allen.meyer@outlook.com,8841701390,57502 Edwards Heights,East Dawn,IA,80035,2007-05-25
1809,Joshua,Quinn,joshua_quinn@yahoo.com,2166861080,032 Hannah Lodge,Scottshire,CO,75546,1955-11-28
1810,Tina,Garcia,tina.garcia@outlook.com,4856071425,06980 Robert Crossing,Henrystad,CO,41726,1957-08-31
1811,Brianna,Kennedy,briannakennedy@outlook.com,9073648089,523 Hatfield Isle,Christineborough,SD,62696,1996-02-23
1812,Amber,Pittman,amber.pittman81@outlook.com,2483094628,6873 Thompson Plain Apt. 170,Port Timothymouth,SC,54140,1993-07-01
1813,William,Camacho,williamc@outlook.com,4605765771,9548 Barnes Shoals Suite 391,New Keith,CO,57813,1985-01-05
1814,Ashley,Pitts,ashley.pitts41@outlook.com,1817391946,4033 Holloway Streets,New Laura,MN,43099,1950-03-27
1815,Luke,Dean,luked@yahoo.com,5741912282,231 Rebecca Knolls,Marissaton,AR,49411,2003-04-12
1816,Chelsea,Miller,chelseamiller@example.com,2051011985,7191 Charles Shoals,Lake Jorge,WY,68191,1986-06-14
1817,Chad,Ryan,chad.ryan21@gmail.com,7233420010,969 Johnson Crest Suite 587,Warnerhaven,MA,66517,1956-06-16
1818,Steven,Flores,stevenf@yahoo.com,0278316468,493 Tina Branch Suite 660,Brownfurt,AZ,40365,1993-03-17
1819,Phillip,Nash,phillip_nash@example.com,5272002813,83135 Garcia Spring,Brianfort,OH,61464,1987-01-27
1820,Jason,Singleton,jason.singleton79@outlook.com,6086473416,827 Michael Ports,Douglasland,CO,50465,1964-07-08
1821,Heidi,Garcia,heidigarcia@yahoo.com,3442975221,822 Hayes Dale,Gordonfurt,MH,01514,1970-10-14
1822,Tammy,Mcdonald,tammy.mcdonald@outlook.com,4677312945,3783 Jared Way Apt. 958,Williamsberg,NY,46800,1961-11-01
1823,John,Jones,johnj@gmail.com,3624234543,795 Kevin Causeway Suite 844,East John,SD,51912,1975-05-03
1824,Karl,Hardin,khardin@outlook.com,2810802766,31713 Robert Tunnel,Christophershire,NM,10267,1967-06-07
1825,Leslie,Jenkins,leslie_jenkins@gmail.com,5057020810,02392 Sarah Stravenue Apt. 560,Lake Rachel,CO,81263,1948-09-14
1826,Kenneth,Pham,kenneth.pham86@example.com,4886874764,7630 John Springs Suite 195,Brandystad,SD,59839,1990-09-23
1827,Brittany,Flynn,brittanyflynn@gmail.com,9306769951,970 Paul Wells Suite 637,New William,GA,59419,2003-11-14
1828,Stephen,Gutierrez,stephen_gutierrez@outlook.com,6532988378,150 Oscar Corner Apt. 533,East Charlesland,AK,36320,1986-06-13
1829,Steven,Anderson,stevenanderson@yahoo.com,2182342101,784 Autumn Avenue Apt. 171,Williamsborough,OK,55403,1967-08-22
1830,Rebecca,Stevens,rebecca_stevens@example.com,2505118765,779 Hill Lodge Suite 324,New Marissa,RI,95750,1985-10-15
1831,Amanda,Christian,amandachristian@example.com,6392966564,1333 Jacobs Lakes,Amymouth,WV,17616,1971-09-01
1832,Lisa,Miller,lisa_miller@yahoo.com,1148347030,79364 Sylvia Parks,New Karenfort,CA,82222,1978-12-09
1833,Joshua,Graham,joshuag@example.com,3665752120,16453 Randy Way,Weaverstad,NJ,29229,1971-12-27
1834,Lawrence,Spencer,lawrence.spencer81@gmail.com,9352227359,17880 Tina Springs,Walkerchester,CA,77781,1953-05-27
1835,Sherry,Duran,sherryd@gmail.com,8395908722,06183 Jerome Unions,Barbaraland,KY,43464,1978-05-15
1836,Kathy,Perez,kathy_perez@outlook.com,6950113364,290 Kyle Stravenue Apt. 299,New Justinbury,WI,18643,2001-09-01
1837,Tonya,Woods,tonya_woods@example.com,4555046125,1198 Wright Village,New Erinmouth,MS,68644,1943-08-26
1838,Hannah,Perez,hannah.perez@outlook.com,7789995384,6111 Newman Ville Suite 503,Lake Kathybury,CO,96918,1969-10-14
1839,Patrick,Macias,patrickm@gmail.com,5610464293,57462 Anthony Courts Apt. 579,Smithview,CA,98487,1956-04-15
1840,Theresa,Mckinney,theresa.mckinney52@gmail.com,7015071103,507 Ramirez Lights,New Alexis,VA,85057,1946-04-19
1841,Cathy,Walters,cwalters@example.com,0791620776,18040 Conway Point,North Jeff,AZ,08880,1990-04-26
1842,Alexander,Potter,alexander.potter2@example.com,5417889514,01998 Baker Alley,North Shellymouth,VI,72282,1965-06-11
1843,Roger,Mercado,rogermercado@example.com,1268092849,9783 Howell Brook Suite 402,Port Alexandrafurt,OR,16656,1949-05-19
1844,Alex,Campbell,alex.campbell@yahoo.com,3706167942,342 Beth Junctions Suite 418,Lake Stevenshire,AL,58781,1961-10-16
1845,Dean,Thomas,deant@yahoo.com,9956096363,54425 James Expressway,North Jesse,OR,58371,1977-06-29
1846,Juan,Henderson,juan.henderson38@yahoo.com,0945938449,746 Jeffery Station Apt. 404,South Seanstad,WY,64197,1943-01-29
1847,Kim,Burgess,kim.burgess@example.com,7750346419,550 Rodriguez Plaza Suite 545,North Ronnieland,FM,86278,1943-04-27
1848,Maurice,Dominguez,mdominguez@outlook.com,6033542110,36715 Thomas Ridge Suite 413,Ryanfurt,AR,06604,1953-06-18
1849,Isabel,Nelson,isabel_nelson@example.com,3566863259,75576 Flynn Parks,Lake Gerald,GA,32185,1995-06-17
1850,Brian,Lee,brian.lee@yahoo.com,0492198784,2539 Green Wells Apt. 086,Ashleyberg,LA,47470,1980-03-31
1851,Jennifer,Gregory,jennifer_gregory@yahoo.com,2962784002,158 Morris Extension Suite 365,South Joshuaview,NM,97811,1992-02-07
1852,Nathan,Scott,nathan.scott52@gmail.com,8214428840,27952 James Shore Suite 603,East Dalton,KY,32710,1998-02-13
1853,James,Page,james.page@yahoo.com,4442202739,38227 Jackson Drive Suite 366,Lake Brianmouth,NM,17302,1950-07-05
1854,Kathryn,Bullock,kathryn.bullock42@example.com,2648070781,250 Hernandez Valleys Apt. 949,Hernandezside,TX,67335,1950-04-29
1855,Cody,Davis,cody.davis@yahoo.com,8593134890,731 Tammy Inlet Apt. 249,Phillipsburgh,TX,41620,1951-06-18
1856,Jennifer,Moran,jmoran@yahoo.com,7705229122,53675 Sabrina Mount Suite 577,West Erinbury,KS,68128,1986-11-20
1857,Anne,Gonzalez,anne_gonzalez@outlook.com,5471578804,20541 Leslie Bridge Suite 212,Port Terriberg,NH,85340,1996-08-03
1858,Amanda,Smith,amanda.smith41@outlook.com,5822345172,66950 Keith Port Suite 618,Krystalstad,ND,40171,1959-11-21
1859,Denise,Moore,denise.moore52@yahoo.com,1050026221,082 Stephens Mill,Stevensmouth,NV,35516,1951-11-13
1860,Rebecca,Mullins,rebecca_mullins@outlook.com,1827387812,208 Robinson Lane Apt. 507,Joyfort,PA,64532,1951-04-12
1861,Cynthia,Hensley,cynthiah@yahoo.com,4922562321,09470 Poole Garden,Santoschester,FL,62305,1941-08-11
1862,Matthew,Hayes,matthew.hayes21@outlook.com,4304659319,71839 Gomez Fork Suite 720,Allisonview,MH,27621,1985-06-04
1863,Lucas,Stephens,lucasstephens@yahoo.com,1336742078,345 Lewis Garden,Mayfurt,IA,48177,1976-02-07
1864,Christopher,Pearson,christopher.pearson94@yahoo.com,0631306547,19717 Thomas Mountains Apt. 712,Riceview,WV,22961,1962-04-08
1865,Lucas,Fox,lucasf@yahoo.com,6569815911,4466 Carpenter Pine Suite 913,New Mary,SC,78791,2002-01-24
1866,Daniel,Phillips,daniel.phillips1@outlook.com,8212824266,4962 Michael Well,South Scottview,OK,16684,1992-08-13
1867,Jacob,Fleming,jacobf@example.com,9009142249,9075 Jesse Glen,East Nathanshire,OH,23073,1973-02-06
1868,Billy,Walters,bwalters@yahoo.com,1291918789,447 Guerrero Locks Suite 501,Cohenshire,ID,70582,1948-05-22
1869,Daniel,Lawrence,daniellawrence@gmail.com,7057274024,73073 Gary Pines Suite 593,Christopherberg,IL,87426,2005-01-16
1870,Alexandra,Ashley,alexandraa@yahoo.com,2247044393,894 Brown Valley,West Leefurt,WI,55458,1984-09-07
1871,Ann,Curry,ann.curry@yahoo.com,5394587587,69796 Miranda Isle,East Holly,OK,00723,1985-11-24
1872,Rodney,Dunn,rodneydunn@example.com,3491335464,96472 Brent Corner,Myersmouth,LA,12303,1955-02-26
1873,Cynthia,Wiley,cwiley@example.com,5025130495,536 Christian Well,Dickersonchester,WI,48509,1974-09-11
1874,Daniel,Landry,daniell@example.com,7425110571,26808 Luis Isle,Angelaville,OK,44519,1968-05-28
1875,William,Browning,william.browning90@outlook.com,4088593843,8508 Torres Parkways Suite 209,Kimberlymouth,OH,62025,1970-04-22
1876,Breanna,Osborne,breannaosborne@gmail.com,8412555129,335 Clark Junction Suite 792,West Karishire,NY,43276,1962-12-19
1877,Richard,Peterson,richardp@yahoo.com,5725102409,83663 Davis Mission Suite 219,West Andrew,NV,55205,1963-01-26
1878,Kaylee,Moore,kaylee.moore52@yahoo.com,5705426362,0066 Edwards Track,East Cheryl,WA,98573,1970-12-24
1879,Shawn,Mclaughlin,shawn_mclaughlin@outlook.com,1203936713,80239 Sean Stravenue,Dianeton,SC,84473,1958-06-11
1880,Brooke,Holt,brooke.holt@example.com,3816067267,52115 Flores Grove Apt. 195,Lynnmouth,KY,06357,1954-11-10
1881,Tracy,Watts,tracyw@gmail.com,9736018258,992 Cassandra Hills Suite 569,South Aimeeview,ID,20696,1979-10-04
1882,Brandi,Dunn,brandid@example.com,2705113833,676 Jack Cliff,South Melissa,MD,37827,1978-05-02
1883,Cheryl,Hernandez,cheryl.hernandez95@outlook.com,0289216775,410 Elizabeth Fork Apt. 858,Matthewbury,ME,05638,1940-11-07
1884,Kevin,Mclaughlin,kevin.mclaughlin3@example.com,4776586966,834 Steven Pines,Debraland,AL,37409,1974-11-25
1885,Jennifer,Norris,jennifern@outlook.com,6598056003,9785 Sexton Garden Apt. 338,South Joshua,SC,76638,1955-10-30
1886,Timothy,Miles,timothy.miles@yahoo.com,0362968346,286 Nicole Street,North Amber,NY,11905,1984-07-25
1887,Megan,Castillo,mcastillo@outlook.com,7571183890,97442 Scott Island Apt. 574,West Kenneth,MD,24581,1977-05-12
1888,Chad,Hinton,chad.hinton@yahoo.com,7512288806,36829 Johnson Common,Mcconnellborough,FL,83919,1992-07-25
1889,Jennifer,Ramos,jenniferramos@yahoo.com,0995070721,3502 Rose Run,Montgomeryshire,WY,80930,2004-05-21
1890,Manuel,Woods,manuelwoods@yahoo.com,3297463022,76445 Angela Manor,East Tony,VT,69646,2000-02-14
1891,Willie,Butler,williebutler@yahoo.com,0250708414,932 Young Lodge,North Christine,GA,20372,1955-11-20
1892,Robert,Pierce,robertpierce@gmail.com,1947512991,997 Joseph Lodge,Lake Thomas,PW,83011,1950-02-20
1893,Rebecca,Peck,rebecca_peck@example.com,7749250914,370 Lawson Street Apt. 698,East Meganburgh,HI,40569,1990-03-24
1894,Joe,Beck,joeb@yahoo.com,8717540017,2334 Michael Path,Samuelburgh,KS,63868,1961-07-02
1895,Stacey,Johnson,staceyj@gmail.com,9446664657,758 Murphy Greens,Lake Adam,TX,86866,1946-03-14
1896,Katherine,Riley,katheriner@gmail.com,0399152230,71152 Rodriguez Mill,Barrettland,NV,36149,1988-02-27
1897,James,Roach,jamesr@gmail.com,1399196984,50937 Brooke Mills Apt. 428,Port Lisaside,NH,17874,1959-04-22
1898,Steven,Cook,stevenc@outlook.com,6534338004,58387 Cooper Villages Suite 386,Jenniferview,WY,31584,1996-11-14
1899,David,Brown,david_brown@yahoo.com,3836126958,43286 Joel Spring,New Robert,OH,58144,1995-05-27
1900,Benjamin,Bryant,benjamin_bryant@example.com,1573138620,39605 Kenneth Cliffs Suite 969,Lake Carly,GU,80705,1998-07-09
1901,Laura,Deleon,ldeleon@yahoo.com,1989935965,976 Kelly Ridges Apt. 443,North Williammouth,CA,44164,1988-03-26
1902,Nicole,Ware,nicole.ware@yahoo.com,7419573554,2639 Mcfarland Forest Apt. 260,Riveramouth,NY,97369,1985-07-08
1903,Nicole,Evans,nicole.evans@yahoo.com,9790210210,343 Joshua Meadow Apt. 155,Michaelmouth,VA,07389,1983-05-02
1904,Kristina,Adams,kristina.adams8@yahoo.com,6498963804,87565 Katherine Streets,Lake Nicoleshire,WY,27382,1941-03-12
1905,David,Carpenter,dcarpenter@outlook.com,6754237663,933 Stephen Club,Lake Jenniferborough,AL,44453,1986-10-23
1906,Kathleen,Massey,kathleen.massey@yahoo.com,7768109253,982 Cruz Park Suite 829,Deannahaven,IL,37331,1964-05-05
1907,David,Aguirre,david.aguirre@yahoo.com,9446615952,953 Jamie Forest,Port Ryanhaven,TN,43400,1983-02-22
1908,Derek,Watts,derek.watts@example.com,0382485564,97983 Dominguez Viaduct Apt. 523,Richardsonfurt,OK,35849,1991-12-04
1909,Patricia,Howard,phoward@gmail.com,4588194547,15152 Emily Burg,Smithton,MN,49376,1967-07-23
1910,Christina,Gutierrez,christina.gutierrez76@example.com,8277752845,928 Brittany Tunnel,New Gina,WA,90500,2004-01-25
1911,Sonya,King,sonya.king15@gmail.com,1865347310,9823 Caitlin Plaza Apt. 525,New Michaelview,SD,56836,1983-02-11
1912,Daniel,Townsend,dtownsend@outlook.com,6525391479,46066 Moreno Circles,South Joshuachester,NH,07120,1959-12-11
1913,Anthony,Campbell,anthony.campbell@yahoo.com,6818880979,554 Devin Meadows,Doughertyborough,MN,40238,2003-07-22
1914,Chelsea,Price,chelseaprice@example.com,3121130879,11165 Miller Viaduct,Christopherchester,FM,32416,1961-04-29
1915,Kim,Davis,kim_davis@outlook.com,1164551201,56547 Norris Junctions Suite 943,Choiberg,MS,61104,1948-10-31
1916,William,James,william_james@gmail.com,5933381269,20579 Hanson Mountain Apt. 624,Mcclainshire,VI,46885,2002-03-16
1917,Kyle,Garrison,kyle_garrison@yahoo.com,9119666092,2242 Michele Brooks Suite 607,Jonfort,WV,49202,1960-07-21
1918,Pedro,Johnson,pedro.johnson15@example.com,1323879493,4560 Proctor Course Suite 234,Forbesmouth,DC,88060,1983-09-07
1919,Devin,Wilson,devinwilson@gmail.com,3266391852,7544 Jackson Pine Suite 938,Amyfurt,NM,62920,1960-07-13
1920,David,Lester,david.lester@example.com,4744373763,532 Michelle Meadow Suite 496,Bryanfort,PR,58744,1957-03-04
1921,Randy,Olsen,randyolsen@yahoo.com,0511606529,748 Benjamin Islands,East Frankberg,NE,49509,1993-09-22
1922,Charles,Robertson,charles.robertson3@yahoo.com,2696057583,6247 Jonathan Lakes Apt. 129,Ginaport,CA,30317,2000-06-16
1923,Jennifer,Rivera,jennifer.rivera@yahoo.com,6180337595,23413 Hawkins Via,Dianaside,NY,55608,2005-02-20
1924,Elizabeth,Mata,elizabethmata@example.com,2867605041,406 Wong Well Apt. 757,Ashleymouth,SC,09969,1949-08-20
1925,Bonnie,Koch,bonniekoch@gmail.com,1061245359,83752 Chelsea Pine Suite 307,South Tracyfurt,DE,29476,1989-03-19
1926,Gabriella,Davis,gabriella.davis@example.com,0070245882,3981 Carolyn Cliff,West Jamesstad,MP,19705,1986-07-19
1927,Kevin,Simon,kevin.simon@yahoo.com,0016211805,15947 Jerry Trail,Sextonmouth,PR,71513,1990-04-28
1928,Wesley,Turner,wesley.turner@gmail.com,6208905726,8389 Patterson Village,Lake Raymond,DC,94409,1998-07-03
1929,Alexandra,Black,ablack@yahoo.com,8161564898,325 Pearson View Apt. 466,Cummingsfort,MD,52435,1970-04-20
1930,Melanie,Sawyer,melanie.sawyer@example.com,9255239949,88732 Timothy Causeway Suite 304,Lake Johnstad,AK,27537,1942-04-13
1931,Heather,Pineda,heatherpineda@example.com,1304703609,40740 April Meadows Apt. 570,East Raymond,DC,52898,1948-05-30
1932,Brenda,Allen,brendaallen@example.com,1664010814,56415 Julie Hollow Suite 625,Longmouth,AR,76319,1976-04-04
1933,Casey,Sullivan,caseysullivan@gmail.com,8317867999,366 Miguel Circles Suite 014,Stacystad,VT,74335,1954-01-11
1934,John,Hester,johnh@example.com,5383757742,189 Rubio Trafficway,West Kevinberg,DC,75040,2004-05-02
1935,Jennifer,Johnson,jenniferj@example.com,2040048688,012 Wood Mall Apt. 011,Lanetown,IL,51157,1997-03-30
1936,Brooke,Thompson,bthompson@outlook.com,2611945367,1618 Brooks Fields,Jimmyberg,WA,24811,1978-09-20
1937,Kelly,Moore,kellymoore@gmail.com,3895583476,32864 Teresa Valleys Apt. 275,Pamelaside,GA,85936,1965-11-30
1938,Bailey,Mcconnell,bailey_mcconnell@example.com,9204905096,65650 Brandon Oval Suite 976,Port Christinemouth,SC,29245,1954-09-27
1939,Catherine,Howe,catherine.howe14@outlook.com,4947681553,67740 Laurie Isle Suite 187,Mcfarlandchester,AZ,43758,2000-01-09
1940,Patricia,Miller,pmiller@outlook.com,6400358040,67972 Kimberly Islands,Briannachester,IA,02283,1976-12-19
1941,David,Stevens,david_stevens@outlook.com,7860368207,986 Bryan Terrace Apt. 209,Nixonhaven,AS,39661,1946-12-12
1942,Dylan,Turner,dturner@outlook.com,7972203943,23330 Cruz Landing,New Heather,RI,39633,1993-09-11
1943,Renee,Solomon,renees@gmail.com,2655470661,1048 Acosta Village,New Kevinbury,TX,52881,1992-03-10
1944,Laura,Garcia,lgarcia@yahoo.com,8522643112,080 Brooks Skyway,Anthonyport,ND,22622,1943-04-17
1945,David,Flowers,davidflowers@yahoo.com,5133150452,885 Shannon Shoals,Carriebury,WA,53353,1976-12-03
1946,James,Becker,james_becker@gmail.com,4342234942,4880 Nelson Mount Suite 929,East Ralphburgh,VT,01054,1975-01-04
1947,Christian,Simon,christiansimon@yahoo.com,5653287422,9653 Diana Park Apt. 328,Morrisonborough,ID,98596,1992-08-16
1948,Scott,Williams,scott.williams@example.com,3743667741,8388 Poole Wall Apt. 037,West Stephanie,VT,46627,2004-04-21
1949,David,Vargas,davidv@yahoo.com,7706753215,4047 Gloria Cape Suite 008,West Jessicamouth,ID,10295,1954-04-14
1950,Brittney,Bell,brittney.bell@example.com,8407285868,0479 Hall Plain,North Kendra,NE,97206,1970-09-03
1951,Rebekah,Yates,rebekah.yates@example.com,4183633837,6847 Lindsey Well Apt. 059,Lake Laura,WY,91137,1941-04-03
1952,Todd,Miller,todd.miller@outlook.com,9994879637,139 Allen Turnpike,Brianside,WA,73003,1954-06-12
1953,Scott,Wright,scott_wright@example.com,6994927857,99339 Heather Spurs Suite 212,North Katherine,TX,26407,1966-02-08
1954,Ryan,Berg,ryanberg@example.com,4814562920,017 Rachel Walks Apt. 537,Wandafort,DC,05980,2003-03-05
1955,Nathan,Mathews,nathan.mathews86@yahoo.com,0800085642,58187 Foster Cliff,North Andrew,HI,45246,1990-02-20
1956,Jessica,Smith,jessica.smith@example.com,0207468676,3292 Jonathan Glen Apt. 265,Christyfort,KY,39741,2001-08-25
1957,Jason,Mitchell,jasonm@yahoo.com,4220104077,8654 Wright Port,North Nathanchester,IL,07903,1999-07-24
1958,Lauren,Clark,laurenc@outlook.com,8267253452,87138 Wilson Gardens Apt. 199,Bakershire,WV,94753,1979-01-23
1959,Nicholas,Welch,nicholas_welch@example.com,5159934598,427 Matthew Run,Natashaville,IL,05337,1991-04-28
1960,April,Perez,aperez@example.com,2238531800,67493 Newton Corner,Lake Theresahaven,UT,73816,1988-10-01
1961,Kelly,Diaz,kellyd@outlook.com,1486375321,81737 Allen Fords,Toddhaven,UT,51177,1961-12-10
1962,Natalie,Zavala,nataliezavala@gmail.com,0223720096,65201 Porter Causeway,Lake Karichester,MT,88781,1997-07-06
1963,Sandra,Ho,sandra.ho@example.com,6050725278,6167 Alexander Loop Suite 520,East Alexander,PR,57838,1949-10-16
1964,Roy,Alexander,royalexander@gmail.com,8632539086,65904 Gonzalez Springs,Royberg,OR,94097,1941-02-28
1965,Haley,Garcia,haley.garcia@yahoo.com,0754718493,45769 Brandi Plains,Kimport,CT,06557,1978-01-11
1966,Angelica,Jacobs,angelica.jacobs@outlook.com,2514821775,8862 Desiree Hollow Apt. 951,Smithhaven,WV,81008,2000-02-01
1967,Lisa,Pratt,lisap@yahoo.com,9370837095,288 Jason Haven,West Joseport,ND,71715,1951-04-24
1968,Walter,Becker,walter.becker@example.com,0987279487,038 Hector Fields,Snowport,HI,74690,1991-05-19
1969,Jesse,Hughes,jesse.hughes@yahoo.com,0513327763,647 Emma Manor Apt. 742,Lake Christopherstad,SC,62489,1980-11-01
1970,Jason,Brown,jason.brown58@outlook.com,9652165379,4636 Angela Route Apt. 152,Ruizton,NE,30426,1993-03-14
1971,Karen,White,karen.white58@yahoo.com,0591315112,1629 Moran Viaduct,West Jason,SD,22329,1987-02-19
1972,Joshua,Soto,joshua.soto@gmail.com,0511283355,12506 Garrison Mount Apt. 639,West Gregoryside,ND,85978,1969-05-19
1973,Kathryn,Carey,kathryn.carey@example.com,1076984218,355 Martinez Ports,Martintown,AR,86650,1958-03-21
1974,Kathryn,Hernandez,khernandez@example.com,7515276407,85172 Jones Brooks,Caseytown,PR,72467,1960-09-29
1975,Holly,Cisneros,holly.cisneros@outlook.com,2698616765,7249 Danielle Forest,East Richardchester,HI,60944,1991-06-03
1976,Jenny,Crawford,jcrawford@yahoo.com,2419223728,41930 Myers Ports,West Darrellland,AR,70379,1965-12-16
1977,Jennifer,Torres,jennifer.torres54@yahoo.com,1080928192,81821 Tyrone Shoals,Lake Mitchell,KS,23319,1946-08-07
1978,Jennifer,Griffith,jennifer_griffith@example.com,5171059613,778 Nancy Junctions Suite 592,Normanchester,AK,84566,1941-02-15
1979,Carol,Mora,carolm@example.com,8091815381,5554 Ronald Spur Apt. 731,West Christine,NY,89371,1963-08-14
1980,Joanna,Lowe,joannalowe@outlook.com,3102652154,16222 Phillips Circles Apt. 398,Michaelbury,IL,42521,2003-08-09
1981,Laura,Combs,laura_combs@yahoo.com,0543060835,1349 David Run,New Andretown,DE,93763,2004-07-19
1982,Rebecca,Byrd,rebecca.byrd20@yahoo.com,4230527736,8485 Maria Junctions,Shahhaven,NH,94557,2004-05-01
1983,Michael,Henderson,michaelhenderson@yahoo.com,8910416649,7655 Joseph Land Apt. 739,Carlsonstad,VA,28572,1967-04-17
1984,Victor,Moore,victorm@outlook.com,3231782523,93849 Gary Extensions Suite 051,West Emilyton,FM,71368,2005-02-07
1985,Jill,Collins,jill.collins@yahoo.com,4965567527,071 Barnes Ferry,New Phillip,AK,21906,1956-12-07
1986,Kimberly,Carney,kcarney@outlook.com,0227785657,084 Miranda Springs Apt. 061,New Jennifertown,LA,04393,1972-10-22
1987,Cheryl,Wolfe,cherylwolfe@gmail.com,5128852911,90492 Jamie Ridges,Thompsonton,IA,59289,1983-11-02
1988,Shawn,Zimmerman,shawn.zimmerman@gmail.com,4995497746,69852 Perry Glens Apt. 344,New Sandraland,NJ,90535,1994-02-04
1989,Kelly,Jefferson,kellyj@yahoo.com,1690620043,664 Stephanie Underpass,West Justin,PR,02069,1941-06-12
1990,Alexander,Mathis,alexanderm@example.com,2156907960,6692 Wendy Plains,Priceport,WA,18759,1992-10-26
1991,Carol,Rogers,carolr@example.com,9332974274,1616 Hayes Walk,Simpsonton,MA,58220,1950-01-03
1992,Leslie,Cooke,lcooke@example.com,9361982401,8585 Melissa Land,Kimberlyborough,MO,57605,1957-02-08
1993,Diana,Thomas,diana.thomas@outlook.com,1258783500,150 Wiley Falls Suite 844,East Jameschester,MN,40322,2000-06-24
1994,Jeffrey,Crawford,jeffrey.crawford@gmail.com,7340982323,580 Hudson Ferry,Garytown,NH,56793,1972-02-02
1995,Benjamin,Walter,benjamin.walter@example.com,7050026840,193 Anthony Street Suite 355,Janetshire,SC,28605,1956-08-21
1996,James,Combs,james.combs70@example.com,3061551536,716 Gray Mountain,Port Derrick,NE,87833,1994-01-02
1997,Andre,Walker,andre_walker@yahoo.com,2498494159,351 Shannon Garden Suite 661,Faithport,IL,91379,1986-12-12
1998,Nicole,Ross,nross@yahoo.com,1693624665,689 Kristopher Land Apt. 476,Lewisport,NE,84676,1977-07-18
1999,Mark,Mccarty,markm@yahoo.com,8522527210,220 Candace Keys,Jamesland,CT,06466,1988-11-29
2000,Robert,Lewis,robert.lewis@gmail.com,4116640050,23619 Samuel Neck Suite 492,Leonside,NE,20047,1952-09-02
2001,Ronnie,Hogan,ronnieh@gmail.com,5051902605,3636 Wade Wall,Alexanderfort,HI,75276,1990-06-11
2002,Ryan,Jimenez,ryanjimenez@outlook.com,1062568396,050 Carroll Lane Suite 470,Port Terribury,TN,47893,1950-06-14
2003,Sarah,Johnston,sarah_johnston@yahoo.com,5545970751,9205 White Harbors,North Jeanside,NJ,47913,1984-12-24
2004,Barbara,Moyer,barbara_moyer@outlook.com,8956625491,007 Oneill Lock,Johnnymouth,NC,40916,2002-08-19
2005,Taylor,Williams,taylorwilliams@yahoo.com,3053624974,59704 Terri Street Suite 604,New Maria,WI,27479,2005-08-09
2006,Emily,Fuentes,emily.fuentes33@example.com,0201962636,980 Walters Grove,Tonymouth,FL,83549,1992-10-06
2007,Robert,Roberts,robertroberts@outlook.com,7621613439,787 Ortega Mountain,Danielberg,VI,65737,1972-08-24
2008,Joel,Cruz,joel.cruz58@yahoo.com,1446573300,9983 Sheri Station Suite 650,South Benjamin,MA,06468,1992-07-27
2009,Rhonda,Rice,rhonda_rice@example.com,5165425534,205 Hunter Knolls Apt. 421,Lake Timothyside,OK,91259,1987-04-08
2010,Andrew,Aguilar,andrew.aguilar57@example.com,6407498369,556 Erika Haven,Williamsshire,RI,78816,2004-10-30
2011,Raymond,Benson,raymond.benson@yahoo.com,8829578129,0397 Debra Trail,New Christina,WI,71268,1963-08-24
2012,Tracy,Stark,tracy_stark@yahoo.com,1238953007,0361 Reyes Shore Apt. 763,Stephanieborough,NM,22104,1980-01-03
2013,Paula,Mason,paulam@example.com,6743296656,17043 Young Shores,South Jessica,MH,67092,1962-01-02
2014,Travis,Crawford,travisc@outlook.com,2908223119,0542 Johnson Park,West Mary,AK,70154,1966-01-11
2015,Sarah,Wagner,sarahwagner@example.com,9820953405,34008 Charles Mountain Apt. 389,Frankville,OH,46308,2000-11-13
2016,Karen,Perry,karen_perry@gmail.com,4293821450,553 Keller River Suite 141,North Alejandroport,LA,64918,1973-09-15
2017,Gary,Morgan,gary.morgan22@gmail.com,2355880850,1043 Thornton Parks Apt. 293,Alexhaven,AZ,33343,2005-04-01
2018,Jamie,Johnson,jjohnson@outlook.com,0601963547,745 James Terrace Suite 162,Ashleyborough,NJ,05673,1942-07-01
2019,Carla,Alexander,calexander@gmail.com,8893139037,56119 Alexander Manor Suite 487,Lopezville,NH,44089,1988-01-18
2020,Anne,Perkins,annep@yahoo.com,8631240456,393 Kenneth Greens,Lake Marcusfurt,GA,21802,1962-05-15
2021,Natalie,Lozano,nlozano@yahoo.com,8776288184,857 Eric Walks,Morganview,MP,39234,2005-01-19
2022,Amy,Carrillo,amy_carrillo@example.com,6908998615,988 Dominguez Burg,North Deniseview,TN,59915,1980-01-04
2023,Virginia,Hall,virginia.hall23@example.com,6958891281,871 Anthony Oval,Beanview,TN,75105,1958-06-17
2024,Christopher,Diaz,christopherd@yahoo.com,7142843711,5306 Mitchell Street,Port Kelsey,PW,77121,1941-02-13
2025,Paul,Wood,paulwood@outlook.com,5573152552,007 Julie Terrace Suite 299,Bishopton,CT,93518,1979-02-22
2026,Courtney,Taylor,courtneyt@outlook.com,1876665030,2447 Weber Manors Apt. 311,Martinfurt,OH,50638,1987-08-19
2027,Paul,Kennedy,paul_kennedy@example.com,1036022049,3770 Katelyn Grove Apt. 337,Joyceville,MP,82256,2002-02-01
2028,Darlene,Arias,darlenearias@gmail.com,6341710472,889 Roberta Views,New Lawrence,NV,53701,1985-06-18
2029,Pamela,Frank,pamela.frank@gmail.com,4783422379,44535 Schmidt Estates Suite 278,Karenberg,AZ,32736,1964-08-23
2030,Scott,Brown,scott_brown@example.com,9847540407,316 Parks Estates,South Matthewview,PR,00974,1977-09-17
2031,Edward,Henson,edward.henson@yahoo.com,8247995327,8371 Pollard Well Apt. 574,Robertfurt,ME,80697,1962-10-21
2032,Danielle,Jefferson,daniellejefferson@gmail.com,5274786387,4500 Emily Islands,Isaiahchester,GA,81548,1946-11-25
2033,Daniel,Chandler,danielc@example.com,5669173364,2013 Harrison Pines,Michellestad,ME,97632,1948-01-19
2034,Jason,Clark,jason.clark@yahoo.com,3807159709,796 Hernandez Garden Suite 161,Sheltonview,IL,87362,1962-11-19
2035,Eric,Shields,eric.shields21@yahoo.com,3806285499,9017 Walker Lock Suite 697,Jorgefurt,MT,78891,1965-08-21
2036,Bobby,Ramirez,bobbyramirez@example.com,1854235310,885 Huffman Drives,Katiehaven,LA,97322,1982-04-28
2037,Jennifer,Barnett,jennifer.barnett@example.com,2128090095,07218 Savannah Drives Apt. 105,Heathertown,GU,05500,2001-02-19
2038,John,Rodriguez,john.rodriguez9@gmail.com,5321052654,373 Guzman Flat,Michaeltown,DC,51712,2000-11-13
2039,Heather,Walter,hwalter@example.com,5964520357,449 Hailey Groves,Cummingsmouth,FL,26239,1967-08-02
2040,Gregory,Johnson,gregory.johnson@outlook.com,8366797619,259 Shannon Shoals,Hollowaystad,WI,14265,1956-04-10
2041,Daniel,Reyes,danielreyes@example.com,6347698531,481 Skinner Extensions Apt. 523,New Jessicashire,GA,01066,1940-12-09
2042,Heather,Lucero,heatherlucero@outlook.com,7756897632,438 Wayne Corners,Lake Jessica,WY,87230,1954-02-24
2043,Benjamin,Gomez,benjamingomez@yahoo.com,4567322877,01134 Anna Stravenue,West Rachael,HI,30725,1958-12-27
2044,Alexis,Ho,alexis.ho29@outlook.com,5669611220,9728 Erin Burg,Lake Bryanside,NC,06975,1952-10-31
2045,Dawn,Chandler,dawn.chandler@example.com,7052682784,3623 David Parkway,North Stephanie,ID,34664,1954-05-01
2046,Rachel,Patton,rachelp@outlook.com,1538059812,271 Wood Alley Suite 879,Staceyfurt,RI,28885,1982-01-02
2047,Sophia,Lewis,sophia.lewis@outlook.com,3596137783,22217 Murphy Point Suite 751,West Andreastad,PW,74797,2004-10-28
2048,Darrell,Blanchard,darrell_blanchard@outlook.com,4713261208,88874 Fisher Meadows,South Angel,NV,70281,1960-02-25
2049,Amy,Becker,amyb@yahoo.com,0850964288,2396 Miguel Path Apt. 614,Sandershaven,HI,91468,2000-10-03
2050,Kim,Stokes,kstokes@gmail.com,2829760411,33188 Thomas Path,Jamiefurt,NE,14579,1992-09-10
2051,Angela,Perez,angelaperez@example.com,4679561043,941 Thomas Spring Suite 828,Port Saraburgh,SD,49085,1969-07-06
2052,Jeffrey,Welch,jeffrey.welch@gmail.com,8765290157,5826 Charles Expressway Apt. 380,East Derrickstad,MT,81175,1976-06-05
2053,Ryan,Jimenez,ryan.jimenez67@example.com,5669007271,496 Gutierrez Shoal Suite 778,Kennethville,KS,98995,1962-06-01
2054,Tracy,Johnson,tracyj@example.com,4576157171,8145 Caroline Manor Apt. 563,Lake Ashleyberg,MH,73143,1964-08-16
2055,Luis,Dodson,luis.dodson@example.com,2391153024,04032 Dougherty Club Suite 116,North Joyceland,DC,18307,1952-01-17
2056,Wyatt,Smith,wyatt.smith@example.com,3670838545,09922 Robert Course Apt. 445,Port Candicemouth,NE,44454,1986-08-22
2057,Jesus,Nelson,jesusnelson@gmail.com,3713276832,2427 Marshall Roads Apt. 763,Dawnchester,MO,04858,1946-03-16
2058,David,Hansen,david.hansen44@outlook.com,0895707200,044 Sanchez Crest,Lake Briana,ND,92014,1980-12-16
2059,Madeline,Davis,madeline.davis@gmail.com,3907820759,970 Peterson Glens,Morganland,MH,02534,2003-12-12
2060,Katie,Young,katiey@gmail.com,4284350146,741 Crystal Gardens Suite 643,Lake Andreaport,AR,19025,1950-08-12
2061,Gina,Gordon,gina.gordon@outlook.com,5561047377,169 Johnson Expressway,Sarahmouth,NV,37916,1961-12-25
2062,Christina,Vasquez,christina.vasquez@gmail.com,3075240740,8090 Joseph Island,Barnestown,OH,85583,1950-05-25
2063,Lisa,Hernandez,lisa.hernandez@yahoo.com,1402673370,417 Allen Lights Apt. 661,West Justin,MN,45600,1996-05-09
2064,Phyllis,Rosales,phyllisrosales@outlook.com,1038641805,30707 Christina Ridges Apt. 899,Singletonfort,IA,91874,1976-06-07
2065,Joseph,Taylor,josepht@outlook.com,0492131277,7953 Oliver Square Suite 229,Dunnfort,DC,57657,1973-04-13
2066,Matthew,Mooney,matthew.mooney38@outlook.com,5940900760,1545 Lisa Point,West Sarah,WI,21683,1955-06-30
2067,Cindy,Kirby,cindy.kirby@gmail.com,2322961171,912 Matthew Lane Apt. 714,Davisshire,FM,32107,1975-10-11
2068,Lisa,Sanchez,lsanchez@yahoo.com,2201624396,08554 Jennifer Center,Lake Dawnfurt,ND,31045,2004-09-05
2069,Daniel,Walsh,danielwalsh@yahoo.com,8075216658,00996 James Lake Suite 101,New Lisafort,NM,05245,1998-01-18
2070,Victoria,Gonzalez,victoria_gonzalez@outlook.com,4186579176,493 Hebert River,North Melissahaven,WI,47232,2004-10-02
2071,Julie,Carr,jcarr@outlook.com,3386633512,821 Cooper Common Suite 887,Joshuaville,NV,30430,1963-03-12
2072,Wendy,Phillips,wendyp@gmail.com,4091296690,6907 Allen Mills Apt. 933,Pittmanview,DC,19530,2002-01-19
2073,Danny,Fischer,dannyfischer@gmail.com,7970551842,28903 Jamie Parks Suite 496,New Mikayla,MT,60460,1947-06-14
2074,George,Roth,george.roth@example.com,8147431621,10375 Herrera Expressway,New Jasonville,PW,11100,1972-03-07
2075,Michael,Brown,mbrown@outlook.com,1076427152,5712 Reed Port,Amybury,CT,20802,1968-09-21
2076,Kimberly,Padilla,kimberly.padilla@example.com,4847155615,96657 Stone Dam Apt. 289,Michaelside,CA,45644,1986-01-08
2077,Michael,Williams,michaelw@outlook.com,8637315598,40230 Wright Green Suite 560,Port Brianfort,LA,92332,1994-04-04
2078,Patricia,Herman,pherman@gmail.com,8576190616,192 Ana Pass,Pedroport,MN,30572,1965-04-08
2079,Bryan,Mckay,bryanmckay@example.com,3508515343,6531 Moss Terrace Apt. 076,Zacharystad,PR,63226,1992-11-10
2080,Kevin,Wilson,kevin.wilson39@gmail.com,6084602816,173 Travis Skyway,Angelaburgh,CT,91872,1957-05-12
2081,Brenda,Clark,brenda.clark@gmail.com,5095483157,90913 Holt Crescent Suite 908,Lucaston,NE,90866,1997-07-29
2082,James,Johns,james.johns@example.com,4456444134,659 Jennifer Mount Apt. 352,Elizabethmouth,HI,10129,1948-07-06
2083,Renee,Ramos,renee.ramos26@yahoo.com,0567345152,23836 Richmond Springs Suite 436,Michaelmouth,MI,03462,1995-03-18
2084,Cody,Velez,codyvelez@yahoo.com,0402323842,031 Donald Place Suite 550,South Samuel,MP,89717,1949-06-05
2085,Johnathan,Porter,johnathan.porter7@example.com,5197572952,1179 Trevor Falls Apt. 384,South Aaronberg,NC,98519,1995-03-18
2086,Joshua,Orr,joshuaorr@yahoo.com,8132142704,251 Francis Ferry,Stoutstad,MA,27058,1940-10-06
2087,Derrick,Martin,derrickmartin@outlook.com,0947285048,58860 Adkins Turnpike,South Michaelport,WV,80563,2000-10-11
2088,Nancy,Higgins,nancyh@outlook.com,5951932356,840 Martinez Haven,South Amanda,MP,23557,2003-10-25
2089,William,Sullivan,william.sullivan@example.com,6083852704,9289 Malone Tunnel,Tylerburgh,GA,93314,1946-07-15
2090,Lawrence,Estrada,lawrenceestrada@outlook.com,9513953719,925 Brown Parkways,Rodriguezchester,TX,72373,1940-07-14
2091,Kendra,Cline,kendra_cline@outlook.com,8351726413,434 Veronica Viaduct,South Joshuaton,IA,52408,1983-04-02
2092,Walter,Wilson,wwilson@outlook.com,7816888482,8582 Julia Track,South Sabrina,AL,65200,1947-12-02
2093,Susan,Miller,smiller@example.com,6427759592,231 Jeffery Walks,South Dawn,VA,34036,1946-02-04
2094,Eric,Smith,eric.smith@example.com,0391504343,9102 Heidi Point Suite 551,East Leahbury,VA,08181,1997-06-19
2095,Hannah,Taylor,hannahtaylor@yahoo.com,9598968508,672 Wheeler Ranch,West Leonardhaven,TX,44040,1970-02-28
2096,David,Mahoney,david.mahoney@gmail.com,1409813391,8007 Maynard Field Apt. 477,North Kellymouth,IA,92560,1977-09-02
2097,Jason,Moore,jasonmoore@gmail.com,9266907760,2490 Patricia Circle Suite 876,Rowlandbury,GA,38053,1993-05-05
2098,Ashley,Bryant,ashleyb@example.com,5914298745,719 Troy Trail Suite 602,South James,VI,94951,1964-07-22
2099,Melissa,Kennedy,melissa_kennedy@yahoo.com,3913443848,5133 Corey Avenue,Benjamintown,FL,55545,2003-11-12
2100,Jodi,Jackson,jodi.jackson77@example.com,9419330074,52933 Rivera Crossing,Destinyport,PW,29581,1952-03-12
2101,Lisa,Thomas,lthomas@outlook.com,2040187295,32003 Kelsey Freeway Apt. 516,East David,PW,70321,1961-09-11
2102,Deborah,Shaw,deborahs@example.com,4026568264,56867 Kelly Ways,East Ryanfurt,ID,11772,2004-02-26
2103,Kim,Barker,kimb@yahoo.com,4312080692,7006 Carol Corners,Chenstad,DC,47076,1959-09-23
2104,Michael,Lynn,michael.lynn7@gmail.com,3496208308,4570 Stephen Prairie Apt. 341,Lake Victoriaborough,ME,67275,1985-11-30
2105,Kelli,Wade,kelli.wade83@example.com,4059819936,085 Gardner Village Suite 644,West Alicia,KS,66279,1940-04-07
2106,Jessica,Brown,jessica.brown@outlook.com,0490651363,40274 Sydney Freeway,Port Brendaborough,TX,05951,1967-11-13
2107,Jill,Wells,jill_wells@gmail.com,3293161225,35907 Brooks Plaza,Lake Kathy,LA,34792,1952-02-28
2108,Tara,Calhoun,taracalhoun@example.com,7574055119,809 William Run Apt. 156,Blackville,AK,80338,1994-07-04
2109,Brittany,Davis,brittany.davis41@gmail.com,6572408176,0904 Thomas Field,Stevensville,GU,61169,1947-04-28
2110,Rachel,Blankenship,rachelb@yahoo.com,3808240772,483 Christopher Centers,West Kenneth,LA,88082,1989-05-20
2111,Scott,Padilla,spadilla@gmail.com,2331900765,1620 Gray Brooks Suite 387,Fletcherburgh,AR,53411,1976-03-07
2112,Katie,Fischer,katie.fischer@gmail.com,4368580392,0055 Hanson Mountains,Lake Marystad,MA,39181,1942-08-08
2113,Jack,Whitaker,jwhitaker@gmail.com,8522712044,7415 Williams Drive,Scottfurt,GU,30141,1957-02-23
2114,Colleen,Johnson,colleenjohnson@gmail.com,9361640045,339 Katherine Squares,Simpsonstad,AK,69159,2000-08-02
2115,Michael,Green,michael.green@gmail.com,4445645572,2603 Walters Skyway Suite 088,West Margaret,ID,58856,2001-11-13
2116,Kevin,Wilson,kevinwilson@outlook.com,1321297268,072 Lacey Station Apt. 402,North Brett,NH,38373,1967-09-26
2117,Karen,Reid,karen.reid7@outlook.com,1709624432,08200 Elizabeth Isle,North Daniellefurt,NY,23296,1977-12-23
2118,Melissa,Smith,melissa.smith56@yahoo.com,1186616802,64063 Kyle Extensions Apt. 070,Quinnshire,CO,12245,1979-01-14
2119,William,Berger,william.berger17@yahoo.com,0576348649,23333 Andrea Causeway,Kimberlymouth,ID,84701,1999-12-31
2120,Jennifer,Smith,jennifer.smith78@example.com,6969540595,15494 Savage Creek Apt. 197,Turnerton,DE,07941,1969-03-03
2121,Andre,Davis,andred@gmail.com,0135062946,39079 Riddle Village,Jerryfort,IA,05406,1970-07-01
2122,Geoffrey,Kelly,gkelly@outlook.com,7584625703,86771 Stacy Hollow,North Gina,GA,70736,1960-09-05
2123,Brenda,Herrera,bherrera@yahoo.com,8124193566,3663 Maldonado Locks Suite 117,Jenniferfort,VI,27043,2004-12-31
2124,Jeffrey,Rich,jeffrey.rich@example.com,0666129363,4569 Edward Estate,Port Allison,MP,98296,1956-01-12
2125,Jennifer,Phillips,jenniferphillips@yahoo.com,8524918631,81015 Ferguson Summit,Keithport,MI,84349,1999-09-06
2126,Anthony,Singleton,anthonysingleton@outlook.com,9356385140,3825 Brown Ranch Suite 008,Andreaport,VI,32641,1956-04-23
2127,Anthony,Roberts,anthonyroberts@yahoo.com,3468144675,59958 Christopher Squares Apt. 056,Carlsonhaven,NV,44364,1945-09-09
2128,Samantha,Jones,samantha.jones63@gmail.com,1389440696,4121 Kimberly Crossing,North Ryanville,MI,46553,1949-08-07
2129,Christine,Coleman,ccoleman@outlook.com,6255671289,684 Eric Knolls,Ramirezfurt,ME,31608,2007-06-18
2130,Victoria,Braun,victoria.braun@yahoo.com,7978599347,139 Lauren Highway,North Jacob,AR,35584,1951-06-02
2131,Gregory,Chavez,gregory.chavez@example.com,9097111688,608 Gregory Bridge Apt. 377,West Patrickton,DC,86635,1940-09-23
2132,Sarah,Clark,sarah.clark41@gmail.com,7475885000,58157 Howard Park,Natalieton,TN,97501,1943-05-11
2133,Ernest,Carlson,ernestc@outlook.com,0481747275,94812 Gibson Crescent Suite 775,Meghanmouth,MS,63893,1977-12-12
2134,Robert,Reed,robert.reed@gmail.com,0332122657,180 Andrea Shore,South Jessica,WI,11510,1945-08-07
2135,Brian,Jones,brianj@example.com,3770327593,9750 Ortiz Light,Port Annton,FL,96335,1999-08-10
2136,Mary,Sanchez,mary.sanchez@outlook.com,8672097224,263 Katie Glens,Bethmouth,AZ,90907,1951-09-06
2137,Matthew,Cortez,matthew.cortez79@yahoo.com,3030416238,27240 Rush Common Apt. 350,East Jacobborough,KS,64487,1955-02-19
2138,Monica,Smith,msmith@gmail.com,5167131263,78096 White Island,North Brittany,LA,91681,1967-01-12
2139,Maria,Evans,mariae@outlook.com,4966674279,691 Contreras Camp Suite 570,East April,AS,21544,1951-04-06
2140,Kimberly,Smith,kimberly.smith@example.com,1706944172,885 Li Unions,Ortegaville,MD,72221,1971-05-11
2141,Valerie,Grant,valeriegrant@yahoo.com,2761407620,975 Mitchell Pike Apt. 878,Hernandezborough,PA,47253,1998-10-18
2142,William,Williams,williamwilliams@example.com,2276017451,285 Bailey Harbors Suite 802,East Morganfurt,CO,98101,1977-11-12
2143,Brian,Chang,brian.chang62@outlook.com,2447477870,09339 Rivera Vista Suite 030,New Richard,FM,54101,1946-05-10
2144,William,Blake,william.blake@outlook.com,6198696970,9847 Nathan Keys,Port Matthewview,MA,58338,1941-05-09
2145,Ivan,Sweeney,ivan_sweeney@yahoo.com,7561078884,9045 Christopher Passage,East Stevenmouth,NH,27069,1944-02-07
2146,Linda,Smith,lindasmith@yahoo.com,5409698481,7454 Anderson Village,Shawnmouth,TX,33089,1946-08-07
2147,Emily,Roberts,emilyr@outlook.com,9221617564,57165 Friedman Inlet Apt. 722,Jonathanside,RI,05915,1942-01-15
2148,Bethany,Goodwin,bethany.goodwin77@example.com,0829063914,27095 Rogers Causeway,Sharptown,GA,26233,1978-12-16
2149,Michael,Munoz,mmunoz@example.com,3616366772,95459 Sheila Lake,North Johnside,FM,89004,1975-02-11
2150,Destiny,Chase,destiny.chase5@outlook.com,9697081356,3200 Brown Road,Christopherborough,TN,18038,1995-02-08
2151,Susan,Anderson,susana@example.com,3932671373,85089 Evelyn Lakes,West Trevorbury,TX,98360,1996-11-18
2152,Morgan,Castro,morgancastro@example.com,9646907191,69208 Robert Canyon,Williamsberg,MP,90009,1966-12-06
2153,Brittany,Estrada,brittany_estrada@gmail.com,4854009735,2998 Ramirez Stream,Allentown,NM,80182,1998-01-28
2154,Heather,Fleming,heather.fleming59@example.com,5268253292,155 Evans Port Apt. 884,Lake Brianville,MI,35562,1965-12-31
2155,Timothy,Hansen,thansen@outlook.com,0643799669,075 Kyle Village,Lake Mary,PR,93278,1989-09-18
2156,Melissa,Hernandez,melissahernandez@gmail.com,1054036223,2880 Theresa Vista Apt. 145,New Michael,PW,45959,2005-09-29
2157,Alexis,Daniels,alexis.daniels33@outlook.com,6495589552,68097 Parks Garden Suite 665,Aprilshire,CO,28057,2002-12-11
2158,Dwayne,Owens,dowens@example.com,3634276611,44054 Hall Road Apt. 963,Port Dakota,TX,63957,2003-10-17
2159,Michelle,Moody,michelle_moody@yahoo.com,1231817656,94931 Terrell Alley,Port Josemouth,NM,96414,1943-03-12
2160,Justin,Lynch,justin.lynch14@gmail.com,1232238968,180 Jordan Wells,Lake Jennifer,MO,93665,1962-04-16
2161,Jason,Odonnell,jason.odonnell@gmail.com,4976821539,57509 Anthony Burg,North Kaitlin,TX,12691,1984-12-07
2162,Kimberly,Cook,kimberlyc@outlook.com,3187493952,14913 Greene Stream Suite 891,East Christopherland,CT,38188,1993-05-01
2163,Christine,Stewart,cstewart@example.com,1494891806,64920 Griffin Plaza Apt. 391,North Jessica,WV,31427,1992-12-20
2164,Rachel,Mcdonald,rachelmcdonald@gmail.com,7503362789,981 Jeffery Meadows Suite 632,Conradbury,WI,33738,1968-11-24
2165,Brooke,Lane,brookelane@example.com,3059226690,160 Lindsay Crossing Apt. 779,Heathborough,SD,41273,1995-09-04
2166,Michelle,Carter,michelle.carter@gmail.com,8704509023,6638 Madison Cape,Snyderstad,DE,47570,2007-08-25
2167,Patricia,Macias,pmacias@outlook.com,3474581348,686 Williams Springs Apt. 282,Hooperstad,LA,99946,1972-10-14
2168,Christopher,Gilbert,cgilbert@gmail.com,7681677192,50152 Rachel Lock,Oneillfurt,NJ,18752,1942-11-06
2169,Shannon,Copeland,shannonc@gmail.com,2575562854,333 Sarah Crossing Apt. 293,New Jillshire,MP,47865,1984-04-11
2170,Edward,Casey,edward.casey9@yahoo.com,7116217920,1990 Sarah Harbor Suite 324,South Richard,VA,30523,1971-04-30
2171,Patricia,Rogers,patricia.rogers16@yahoo.com,2892144856,75085 Townsend Trail Apt. 371,West Darrellfurt,IL,89288,1981-05-04
2172,Judy,Jones,judy.jones@example.com,8113593173,347 Aaron Ports,East Robinton,AK,69277,2004-02-13
2173,Tara,Hoffman,tara.hoffman77@example.com,9100914142,84226 Turner Common,Lake Jason,AZ,92862,1955-02-09
2174,Gary,Thompson,gary.thompson73@yahoo.com,8891566149,713 Tracy Falls,North William,VT,73839,1949-06-25
2175,Judith,Garcia,judithg@example.com,0091753084,2612 Lisa Roads,Port Kathleen,OK,40406,1947-02-16
2176,Benjamin,Taylor,benjamin_taylor@gmail.com,7703082162,01153 Kenneth Shoal Suite 875,Port Ruben,OK,22155,1943-06-01
2177,William,Nichols,william.nichols3@outlook.com,6523023126,2543 Michael Trail,Petersonview,OH,70576,1949-12-04
2178,Mark,Kramer,mkramer@example.com,1940927402,0282 Savage Lodge,Watsonfurt,RI,79521,2005-11-12
2179,Brandon,Collins,brandon_collins@gmail.com,6762419743,68053 Katherine Mission,South Destiny,DE,59577,1994-02-21
2180,Jeremy,Jones,jeremy_jones@example.com,6389819555,27925 Chavez Island Suite 616,South Sharonport,KS,32501,1965-06-26
2181,April,Payne,april.payne@gmail.com,2542047687,07313 George Extension,North Jonathan,AL,69733,2003-02-12
2182,Chase,Smith,chase_smith@outlook.com,3262734439,9706 Foster Mount Apt. 107,Herreraside,MI,02867,1996-01-10
2183,Angela,Parker,aparker@example.com,7922526738,153 James Ways,East Shelby,CA,37226,1945-07-24
2184,Kelly,Herrera,kellyherrera@example.com,6248967261,54813 Tamara Squares,South Cindy,MA,81737,2000-11-22
2185,Jessica,Torres,jessica.torres85@outlook.com,8779513677,42359 Kristen Fort Apt. 203,Amyfurt,NM,11168,1978-07-12
2186,Kayla,Garza,kayla.garza@yahoo.com,4093111933,87163 Donald Streets Suite 566,North Bryce,WA,47602,1940-07-27
2187,Jamie,Fry,jamie_fry@outlook.com,7110092056,8653 Williams Track Apt. 961,New Jason,PA,92352,1979-02-11
2188,Jared,Mathis,jared.mathis@outlook.com,2092102917,8834 Penny Bridge,South Justinmouth,IL,73472,1951-08-17
2189,Robert,Waters,robertwaters@example.com,9222762325,29876 Matthew Valley,East Casey,NH,92480,1952-09-21
2190,Monica,Young,monica.young@yahoo.com,0467768298,38033 Erica Camp,Hodgetown,CA,44770,1943-10-18
2191,Jacob,Barajas,jacobb@outlook.com,9445097743,7132 Marsh Forges Apt. 773,East Barbara,NC,55809,1982-05-06
2192,Natalie,Sanders,natalie.sanders@example.com,5330318582,84530 Victoria Inlet Apt. 773,Lake William,ND,91105,1979-10-12
2193,Mike,Simmons,mike.simmons@yahoo.com,9811704901,4578 Lynn Cove Apt. 145,Lake Aprilville,KY,76649,1947-07-28
2194,Erika,Collins,erika.collins@gmail.com,7617864245,02241 Ramirez Canyon,Walkerhaven,AK,64657,1953-10-06
2195,Stephanie,Johnson,stephaniej@outlook.com,2424992056,5453 Melissa Ramp Apt. 687,Navarrobury,GU,53958,2008-01-03
2196,Karen,Lamb,karenl@outlook.com,0969144968,015 James Stravenue,Lake Joyceport,CO,52805,1997-02-04
2197,Spencer,Warner,spencer.warner@example.com,8160802054,994 Jessica Fields Apt. 643,Brianmouth,NV,16427,1986-09-12
2198,Cathy,Garcia,cathy.garcia13@outlook.com,9403323883,97324 Cheryl Loop,Melendezport,NM,47855,1997-03-27
2199,Miranda,Delgado,miranda.delgado@gmail.com,4707788060,46110 Lee Parks Apt. 285,Port Betty,SC,64692,1997-02-16
2200,Chad,Nelson,chadn@example.com,1214328006,3619 Melissa Grove Suite 771,Gardnerview,ME,60840,1956-01-27
2201,Anthony,Berry,anthony_berry@yahoo.com,9573547593,273 Hunter Stravenue,West Jennifer,MI,66594,1953-04-15
2202,Scott,Medina,scottmedina@example.com,1543037466,962 Paul Road,Granttown,OR,18628,1955-11-30
2203,Natalie,Knight,natalie.knight23@gmail.com,3760720548,38430 Petersen Groves Suite 452,South Rachelmouth,WY,85992,1954-10-14
2204,Emily,Gomez,emilyg@example.com,9593297499,7235 Lynn Roads Apt. 354,Carsonland,DE,18051,1998-12-16
2205,Daniel,Wilkerson,dwilkerson@outlook.com,1023749752,20357 Jacob View,Lake Lisa,VT,50782,1962-11-03
2206,Timothy,Olsen,tolsen@gmail.com,9317619771,3092 Knox Way Apt. 690,West Amandamouth,ND,46155,1992-02-15
2207,Judith,Jacobs,judithjacobs@yahoo.com,1134267979,72097 Lopez Corners Suite 786,West Richard,MO,54788,1964-05-25
2208,Gary,Lewis,garylewis@gmail.com,4243487544,11898 Matthews Turnpike,North Timothyshire,NV,79306,1985-06-25
2209,Patrick,Jackson,patrick.jackson79@yahoo.com,2542560977,17226 Mora Trail,Davidchester,WY,61072,2003-05-04
2210,Amanda,Hart,ahart@yahoo.com,7979155672,67769 Wolf Lakes Apt. 585,West Joseph,MO,82283,1990-02-13
2211,Wanda,Roberts,wandar@gmail.com,6852947113,319 Cindy Streets,Yuton,OH,82982,1977-08-08
2212,Jerry,Smith,jsmith@outlook.com,4768792952,97418 Maxwell Villages Suite 641,West Michael,ID,87802,1968-06-17
2213,Amy,Bradford,abradford@outlook.com,9838287693,42612 Carolyn Fork Apt. 072,West Ricardo,VA,02684,1989-07-09
2214,Michael,Swanson,michael_swanson@outlook.com,8750515876,031 Black Locks,South Ronald,VT,69320,1949-12-19
2215,Carla,Andrews,carla.andrews@example.com,2393261776,41299 Miller Points,New Scott,NM,53753,1958-03-17
2216,Deanna,Diaz,deanna_diaz@gmail.com,0412637377,2394 Richard Dale Suite 565,Port Nicholasville,IA,52235,1958-09-06
2217,Andrew,Acevedo,aacevedo@outlook.com,7471148777,2338 Katherine Causeway,Sharonton,VA,19589,1995-08-26
2218,Morgan,Fischer,morgan_fischer@yahoo.com,7172731399,6476 Mario Stravenue Suite 869,Taylorburgh,DE,00817,1962-06-15
2219,John,Cook,john_cook@outlook.com,8658351897,66380 Ortiz Cove Apt. 731,Alexanderside,WV,19971,1956-12-08
2220,Christopher,Serrano,christopherserrano@gmail.com,3760442642,38847 Davidson Square,New Ryan,AR,75967,1940-10-01
2221,Emma,Mullen,emullen@yahoo.com,3003713583,69755 Snyder Ranch,Rodriguezton,AS,20684,2003-09-11
2222,Chad,Lee,chad.lee96@example.com,0164897185,4185 Sarah Village Apt. 545,Port Theresa,PA,49782,2007-07-06
2223,Nathan,Banks,nathan_banks@example.com,9983137068,4323 Smith Mountain,West Amandatown,DE,52636,1980-05-15
2224,Lawrence,Peterson,lawrence.peterson43@outlook.com,4362742007,5193 Sexton Ferry,Gutierrezville,ND,57852,1949-10-15
2225,Anna,Lee,alee@outlook.com,1532613148,0285 Pierce Spurs Apt. 700,Robertsmouth,NJ,39362,2005-10-26
2226,Benjamin,Parker,benjaminp@outlook.com,3834543368,734 Julie Extension,West Patrick,AR,23750,1988-02-01
2227,Lori,Washington,lwashington@outlook.com,1182862270,528 Rachel Camp,Port Brittanymouth,HI,30677,1971-07-16
2228,Brian,Salinas,brian.salinas26@example.com,2597887929,6420 Whitney Road Suite 635,East Brianfurt,DE,49549,1975-06-07
2229,Terri,Rose,terri.rose@gmail.com,7221706116,222 Haynes Prairie Apt. 691,West Nicolemouth,AR,51251,1979-02-27
2230,Bethany,Walter,bethanyw@yahoo.com,2993690064,57786 Sandra Causeway,South Joshuaport,TN,39775,1974-04-18
2231,David,Weiss,dweiss@yahoo.com,0537493786,61879 Bowen Common,Lake Dennisside,PA,14459,1997-09-16
2232,Kimberly,Green,kimberly.green@gmail.com,0292359278,629 Martinez Street Suite 877,Lake Joseph,MP,16296,1953-08-25
2233,Justin,Dawson,justin.dawson28@outlook.com,4844822561,1880 Robinson Plaza Suite 939,Jasontown,HI,49911,1946-09-01
2234,Kevin,Miller,kevinm@example.com,0610733726,4192 Smith Island,Port Matthewton,PW,00700,2005-09-03
2235,Jack,Taylor,jtaylor@gmail.com,9988663353,95965 Morales Trail,Walkerhaven,TN,08500,1977-03-22
2236,Vickie,Travis,vickie.travis@yahoo.com,2554940869,8142 Patrick Ranch Suite 199,South Nicole,MH,19350,1965-09-11
2237,Roberto,Green,roberto_green@gmail.com,2129422833,350 Yvonne Prairie,Heidistad,AL,10254,1986-06-29
2238,Pamela,Delacruz,pameladelacruz@outlook.com,8511003560,0081 Johnson Isle Apt. 375,Port Theresaborough,CA,30853,1943-04-22
2239,Danielle,Thornton,daniellet@outlook.com,2697683871,592 Cooper Knoll Apt. 642,Lake Jason,AZ,75911,2003-02-12
2240,Lisa,White,lisa.white88@yahoo.com,5791539788,5384 Brittney Shores Suite 789,Michelletown,NM,67472,1976-03-13
2241,Stephen,Shaffer,stephen.shaffer87@gmail.com,1137366302,872 Walters Flats Suite 742,South Kyle,AL,24927,1981-07-22
2242,Kyle,Lee,kyle_lee@gmail.com,5413497596,6956 Mcguire Circles Apt. 491,Morenotown,MD,11457,1968-08-24
2243,Gwendolyn,Powell,gwendolyn.powell@outlook.com,6149678319,98664 Dennis Light Suite 053,North Adamborough,MT,34149,1965-03-17
2244,Kelly,Miller,kellym@outlook.com,0983733914,376 Kenneth Stream Suite 243,Crosschester,MO,36484,1940-04-23
2245,Richard,Ashley,richard.ashley18@yahoo.com,3219078320,3369 Kathleen Mews,Lake Dwayneville,MN,31646,1969-05-27
2246,Kayla,Dunn,kayla.dunn52@gmail.com,8539585762,55720 Murphy Drives,West Guy,AR,15310,1961-09-15
2247,Jessica,Miller,jessica.miller38@example.com,7944906368,928 Smith Haven,Marymouth,CA,44857,1981-04-21
2248,Jeremy,Jenkins,jeremyjenkins@yahoo.com,9971519906,46238 Cameron Gateway Apt. 304,East Karen,CO,14624,1958-11-29
2249,Morgan,Stafford,morgan.stafford52@gmail.com,8916534677,1226 Carlos Junctions Suite 257,Edgarborough,AZ,63127,2003-11-13
2250,Arthur,Moore,amoore@yahoo.com,7655181923,0185 Cunningham Fall Apt. 427,East Kaitlinberg,PW,88241,1978-03-14
2251,Cindy,Williams,cindy.williams2@outlook.com,1949583098,797 Sandra Parkway Suite 871,Jessicaview,UT,95702,1959-11-14
2252,Joshua,Rhodes,joshuar@gmail.com,9596764469,8496 Davis Ville,West Reginald,MS,12715,1966-11-29
2253,Patrick,Cox,patrick.cox@outlook.com,2669169366,60558 William Ridges,West Lisatown,GU,91605,1994-08-06
2254,Robin,Vincent,robinv@gmail.com,1562802567,3266 Herrera Isle,Shannontown,GU,72716,1985-07-13
2255,Joshua,Reed,joshua.reed26@gmail.com,3450170308,44470 Lambert Path,Megantown,OK,69419,1946-10-15
2256,Ashley,Ruiz,aruiz@gmail.com,5405489904,18760 Kendra Mission Suite 060,Kendraville,ND,16955,1946-05-01
2257,Scott,King,scott.king24@yahoo.com,3488439289,14852 Carlos Mountains Apt. 831,Williamsside,MH,53928,1948-06-25
2258,Tyler,Rose,tylerr@yahoo.com,3917978394,20305 Hopkins Skyway,West Thomas,PA,31681,1955-09-14
2259,Emily,Erickson,emily.erickson74@yahoo.com,1829727787,747 Gomez Fork,West Michelle,NM,82641,1964-07-09
2260,Jacqueline,Ruiz,jruiz@yahoo.com,7978097048,8505 Joseph Point Apt. 089,New Craig,GA,42482,1970-05-11
2261,Dawn,Long,dawnlong@example.com,6987568913,65144 Jeffrey Trail Suite 249,Justinfort,GU,48388,1990-09-22
2262,Eric,Golden,eric.golden@gmail.com,9223250738,363 Matthew Isle Suite 226,Port Brandonport,VA,42274,1970-05-04
2263,Michelle,Roach,michelle.roach83@outlook.com,9323413371,112 Parker Ford,Michaelchester,HI,34392,1962-10-08
2264,Robert,Walker,robert.walker@yahoo.com,5241858935,92113 Carol Lodge,Port Timothymouth,NM,83909,1955-08-14
2265,Amanda,Campbell,amanda_campbell@gmail.com,8853687787,67139 Nicholas Islands,Martinezton,MH,64629,1999-02-26
2266,Joseph,Dennis,joseph.dennis10@outlook.com,0960992272,256 Leah Village Suite 107,Port Scott,WA,77867,1991-01-24
2267,Robert,Vargas,robertvargas@yahoo.com,7173843127,541 Jake Mount,Port Anthonychester,OH,64182,1942-07-22
2268,Franklin,Rodriguez,franklinr@example.com,8804712054,61082 Cameron Fall Apt. 552,East Jenniferbury,DE,48055,1948-03-01
2269,Kerri,Ross,kross@outlook.com,9163187372,017 Richardson Motorway Suite 930,Melissafort,UT,73865,1974-05-14
2270,Priscilla,Green,pgreen@gmail.com,0402570557,79823 Mariah River,North Davidstad,MH,75111,1969-01-31
2271,Warren,Sanchez,warren.sanchez@outlook.com,4957468563,942 House Estate Apt. 991,Martinview,OR,28442,1996-02-10
2272,Hector,Thornton,hthornton@yahoo.com,9298449084,28742 Osborne Harbors,Pageburgh,UT,02153,1946-09-15
2273,Brandi,Taylor,brandi_taylor@gmail.com,1428559344,1254 Knight Shoal Suite 534,Sherryhaven,NY,39687,1968-06-20
2274,Kevin,Hanna,kevinhanna@example.com,9091186567,61307 Thomas Lodge,South David,AZ,65766,1959-10-16
2275,Dana,Taylor,dtaylor@example.com,4312978101,083 Kevin Circles,South James,MH,39375,1970-04-02
2276,Alicia,Kane,aliciakane@gmail.com,3792438469,18620 Armstrong Village Apt. 587,Laurenstad,ME,50020,1966-08-27
2277,Brenda,Martinez,brenda_martinez@gmail.com,7661552410,8053 Lee Orchard,Crystalmouth,DE,78378,1975-03-04
2278,Jason,Miller,jason.miller75@outlook.com,9570990371,5531 Walker Villages Suite 468,Port Dawnhaven,IN,57168,1942-12-21
2279,Brandon,Curtis,brandon_curtis@gmail.com,3314452150,5973 Paul Passage,Burtonborough,IA,42663,1961-11-28
2280,David,Mcdonald,davidm@outlook.com,0923347740,6993 Costa Shoal,Port Andrea,AZ,27595,1973-10-11
2281,Steven,Nguyen,steven_nguyen@gmail.com,7925580816,1962 Long Grove,Shauntown,VA,98970,1964-09-02
2282,Jennifer,Jensen,jenniferj@example.com,5630805634,3571 Larson Crossing,Kristinville,CA,80282,1941-03-12
2283,Tammy,Brown,tammy.brown9@example.com,4106933115,767 Becker Overpass Apt. 816,East Jasonland,RI,28762,1973-12-30
2284,Ricardo,Harmon,ricardo.harmon71@example.com,9683445799,906 Brenda Pine,Briantown,OH,09478,1976-07-13
2285,Gregory,Nash,gregorynash@gmail.com,5361530366,86597 Charles Corners,Matthewshire,OH,65234,1977-12-17
2286,Julie,Boyd,julie.boyd@yahoo.com,3077067020,104 Rivera Fort Apt. 025,Kaylaside,PW,68843,1999-03-16
2287,Heather,Jones,heather.jones87@yahoo.com,8980593537,422 Alvarado Track Apt. 039,West Catherinehaven,TX,17060,1979-03-21
2288,Henry,Wilson,henry.wilson@example.com,4393228987,177 Peter Springs Suite 793,Port Roger,IL,62828,1965-06-09
2289,Jesse,Norris,jesse_norris@yahoo.com,7759326495,951 Barrett Burgs,East Bryan,GU,38378,2002-08-28
2290,Rebecca,Mcguire,rebecca_mcguire@yahoo.com,3027997214,300 Smith Green,Douglasfurt,PA,85077,1942-07-25
2291,Kelli,Thomas,kellit@gmail.com,2646602596,440 Jill Isle Apt. 688,Robertport,NM,16141,1953-03-08
2292,Dawn,Hamilton,dawn_hamilton@example.com,4466904448,762 Carolyn Ridge Apt. 800,New Markfurt,NE,60377,1978-02-20
2293,Jennifer,Preston,jenniferp@yahoo.com,3288898773,974 Michael Crest Suite 475,Jeffreychester,AS,97085,1941-12-21
2294,Patricia,Snow,psnow@outlook.com,3479357760,22209 Dustin Ports Apt. 861,Port Kathryn,DE,44673,1947-06-30
2295,Rhonda,Garcia,rgarcia@outlook.com,1754168143,91700 Debra Grove,Kellerport,PR,45539,1956-08-31
2296,Ashley,Villarreal,ashley.villarreal@gmail.com,6042152101,580 Carolyn Path Apt. 642,Goldenside,NH,02090,1962-09-18
2297,Dale,Smith,dalesmith@outlook.com,2445407057,5507 Julian Islands Suite 131,Lake Crystalfort,VT,14540,1963-05-18
2298,Jonathan,Martinez,jonathan_martinez@gmail.com,4982676252,53687 Mcconnell Summit,Lake Jamesfurt,CA,70787,1963-07-07
2299,Kevin,Li,kevin.li@example.com,1331484479,68684 Michael Route,Port Adamton,GU,96881,1989-08-21
2300,Douglas,Scott,douglasscott@yahoo.com,7065366265,75628 Lucas Forks,Melissaville,NM,65315,1940-05-04
2301,Colleen,Hill,colleen_hill@outlook.com,9612246199,72763 Snyder Lodge Apt. 389,Millerstad,VA,51203,1991-09-24
2302,Suzanne,Coleman,suzanne_coleman@yahoo.com,0227878152,920 Scott Forks Apt. 814,North Paul,DC,34505,1984-02-10
2303,Michael,Lewis,michaellewis@yahoo.com,4277218542,42382 Paul Summit Apt. 516,Cartermouth,IN,15598,2007-12-27
2304,Rachel,Clements,rachel.clements45@example.com,5492649299,4193 Ryan Spur Suite 707,Brightland,GU,22798,1956-11-27
2305,Robert,Martin,robert.martin40@example.com,1553614256,29018 Paula Springs,West Jill,CO,90779,1987-05-22
2306,Juan,Dunn,juan.dunn@gmail.com,9596670190,1946 Graham Ports Suite 181,Lake Stephen,HI,10112,1976-04-01
2307,Michael,Roberson,michael.roberson@example.com,0878495482,97579 Thomas Prairie,Port Jeffreyfort,AL,85736,1954-12-19
2308,Lindsey,Moore,lindsey_moore@gmail.com,2037352245,295 Allen Heights Apt. 749,Port Marcus,SC,37188,1968-10-05
2309,Jonathan,Harrington,jonathanh@outlook.com,6571651526,225 Johnson Corner,Maryburgh,AS,78933,1965-10-11
2310,Holly,Doyle,hollydoyle@example.com,4660850314,5239 Sara Parkway,Larsenmouth,ND,93289,1982-05-13
2311,Jane,Fernandez,jane.fernandez@example.com,3799174607,5002 Henderson Mews,West Valeriefort,MP,99561,1994-06-19
2312,Jason,Brown,jason.brown@gmail.com,8285976576,21231 Andrews Mission,Port Linda,OH,10568,1984-03-23
2313,Jonathan,Ruiz,jonathan_ruiz@gmail.com,5470610120,8438 Shawn Crossing,Christensenborough,IA,40379,1949-02-11
2314,Megan,King,megank@example.com,7370701165,79274 Arellano Fords,Hallland,NH,04353,1988-01-15
2315,Christopher,Herrera,christopherherrera@yahoo.com,0445840727,14015 Daniel Fall,East Connieshire,IN,92262,1947-01-13
2316,Patricia,Dillon,pdillon@outlook.com,4701731365,539 Kathleen Mountains,Chenton,ID,25928,1941-02-19
2317,Krista,Quinn,krista.quinn@example.com,6626518844,697 Wiggins Brooks Apt. 592,Bakerberg,SC,27931,1988-07-18
2318,Michael,Scott,michael_scott@outlook.com,7431356214,43224 Holland Road Apt. 650,South Sheilaborough,IL,83325,1941-06-16
2319,Shannon,Blanchard,shannon.blanchard@yahoo.com,6119285944,7478 Sandra Square Suite 365,Rhondamouth,IL,08271,1991-05-26
2320,Brian,Stone,brian_stone@gmail.com,2362089645,306 Lawson Ports Apt. 474,Jenniferhaven,NM,15256,1970-10-11
2321,Jennifer,Lewis,jennifer.lewis@outlook.com,7520927136,714 Joshua Hollow,Juarezville,ID,04158,1974-08-02
2322,Jaclyn,Williams,jaclyn.williams52@yahoo.com,0330889471,510 Erickson Viaduct Apt. 851,West Michael,TX,94322,1956-07-15
2323,Christopher,Parrish,christopherp@yahoo.com,4610653655,54248 Nguyen Unions Apt. 694,New Caitlin,SC,26708,2004-01-24
2324,Darrell,Garcia,darrell.garcia@yahoo.com,9454945568,7097 Silva Street,East Debraton,MD,24461,1975-12-15
2325,John,Simmons,johns@yahoo.com,5763020302,1747 Castillo Crossing Suite 569,Nelsonview,CT,79249,2005-03-22
2326,Jonathan,Sanchez,jonathan_sanchez@example.com,3262333612,842 Carlos Island Suite 156,New Carolyn,UT,72296,1992-03-04
2327,Michelle,Valdez,michelle.valdez@outlook.com,2146573980,93778 Smith Cliffs Apt. 041,North Mariaside,VA,51446,1989-01-08
2328,Amy,Chapman,achapman@gmail.com,9666702589,664 Martin Grove,Port Rebecca,FL,48157,1979-09-23
2329,Gregory,Green,ggreen@gmail.com,3528578283,2379 Adams Circle Suite 217,South Nicolefort,WY,19470,1947-03-17
2330,Nicole,Miller,nicolem@yahoo.com,9534143733,779 Potter Spur Apt. 990,Nelsonchester,LA,06976,2003-11-12
2331,Jessica,Richards,jessicar@example.com,1586331955,622 Rodriguez Isle,South Arthurbury,CO,71881,1958-04-10
2332,Kelsey,Flores,kelsey.flores76@example.com,7230102487,37610 Wolf Fall Apt. 347,West Georgeshire,NV,53163,1976-05-27
2333,Bryan,Petersen,bryan_petersen@yahoo.com,0818417439,258 Keith Well Suite 343,North Michelle,NH,82984,2000-09-17
2334,Patricia,Wood,pwood@example.com,6889201457,559 Mcguire Plain Suite 013,Johnville,MS,92366,1944-07-31
2335,Lisa,Griffith,lgriffith@gmail.com,2399156571,9687 Jones Prairie,Davidshire,NC,76983,1951-08-12
2336,Samantha,Brown,samantha.brown@gmail.com,2960452998,47850 Charles Forest,Port Jerry,GU,16014,1985-01-28
2337,Mark,Ortiz,mark.ortiz82@outlook.com,3563460163,53450 Sandra Creek,Fosterstad,ND,07186,1949-03-26
2338,Katherine,Herrera,katherine_herrera@example.com,0232386894,482 Crawford Key Suite 371,East Kennethland,DE,51178,1972-04-26
2339,Stacy,Bell,stacy.bell18@gmail.com,2147333017,207 Farrell Extension,East Alexisbury,AL,79075,1976-03-07
2340,Carol,Riley,criley@yahoo.com,6443228741,66196 Lewis Stravenue,North Jillville,WV,81325,1989-02-22
2341,Rebecca,Cox,rebecca.cox@gmail.com,9938800832,897 Caleb Greens,Zacharyberg,MI,42272,1955-09-28
2342,Amanda,Mclean,amanda_mclean@example.com,2939921044,0605 Ebony Key Apt. 581,Franklinmouth,AR,98188,1991-06-21
2343,Charlene,Wilson,charlene_wilson@example.com,3708822828,069 Justin Rapid,Johnsonside,VT,12717,1940-10-04
2344,Todd,Hess,thess@example.com,7583477681,693 Amber Glens Apt. 062,Sweeneystad,NM,19425,1973-09-21
2345,John,Fleming,john.fleming@gmail.com,5182704976,34035 Austin Oval Apt. 825,Tarachester,NE,06424,1984-12-06
2346,Jennifer,Ochoa,jennifer.ochoa@outlook.com,4910105310,7335 James Highway,Ericfurt,OR,58186,2006-10-16
2347,Patrick,Spencer,patricks@example.com,0393051872,2259 Davenport Underpass Apt. 231,Jacksonfurt,PR,33261,2005-05-22
2348,Shelly,Jackson,shelly.jackson@example.com,9843262459,53137 Jonathan Stream,Lake Brian,IA,17115,1964-08-08
2349,Carmen,Cain,carmen.cain@yahoo.com,6663300430,86959 Laura Rapid Suite 978,Port Melissaview,FL,71288,1951-10-30
2350,Keith,Good,keith.good@yahoo.com,2968601449,01763 Conley Landing Suite 401,New Dawn,AS,59225,1990-04-24
2351,Mary,Thompson,mary.thompson@gmail.com,8768411613,805 Sarah Points Suite 405,East Thomas,NE,52910,1952-09-10
2352,Kevin,Lambert,kevinl@example.com,1966253882,7213 Jessica Land Apt. 359,Rachaelchester,NM,11246,1940-04-11
2353,Vincent,Greene,vincent.greene69@outlook.com,3678227826,255 Wallace Hills Apt. 069,Carlyborough,MN,56903,2002-10-24
2354,Hannah,Peterson,hannah_peterson@gmail.com,6476786050,833 Hill Groves Suite 094,Jacobmouth,NV,21351,1978-05-21
2355,Erica,Gordon,egordon@example.com,5329774290,21269 Benjamin Row,Leonardfurt,IL,68891,1990-01-26
2356,Joseph,Graham,josephg@example.com,9144095342,2930 Wells Keys Suite 017,New Stephanieton,NC,59370,1940-10-18
2357,Manuel,Ward,manuelward@yahoo.com,7948854579,27860 Perez Fords,Hernandezborough,ND,28379,1968-01-18
2358,Craig,Young,craigy@yahoo.com,4139139800,861 Choi Dale Suite 060,South Vanessaburgh,ME,54358,1984-05-03
2359,Jennifer,Pollard,jenniferp@outlook.com,8152399341,43752 Laura Parkway Apt. 485,Port Joshuaton,FL,69888,2002-11-20
2360,Michelle,Potter,michelle.potter12@outlook.com,3742665033,7908 Miller Springs,Carolynbury,HI,33405,1970-12-23
2361,Cindy,Melendez,cindymelendez@outlook.com,4279884756,95758 Don Circle,Jamestown,PA,48818,1967-08-15
2362,Joshua,Harding,joshuah@gmail.com,9256319095,207 Watts Common,Dawnhaven,OR,40796,1966-01-05
2363,Laura,Valencia,laurav@example.com,9388589760,7987 Miller Bridge Suite 471,Brittanyport,MN,08379,2001-08-06
2364,Erin,Harris,erin.harris77@outlook.com,1222112220,3302 Stephanie Highway Suite 492,Connerstad,FM,34294,1981-03-06
2365,Gene,Brooks,gene_brooks@gmail.com,4341134310,2367 David Islands Suite 978,West Meganborough,ID,36225,1954-11-14
2366,Karen,Dunn,karen_dunn@example.com,6751532273,841 Matthew Port Apt. 837,Port Laura,NJ,05828,1980-10-24
2367,Wendy,Andrews,wendy_andrews@yahoo.com,0522746650,073 Philip Lakes Suite 288,Port Brandon,NV,39978,1976-12-31
2368,Taylor,Martin,taylor_martin@yahoo.com,2625285919,762 Dustin Street Apt. 757,Samanthaton,IL,83465,1950-07-09
2369,Michael,Morgan,michael.morgan51@yahoo.com,4150528192,852 Tonya Estate,Tiffanyfort,CO,56709,1970-03-25
2370,Patricia,Horn,patricia.horn@outlook.com,5347172743,54355 Miranda Field,West Kristin,LA,05098,1977-06-10
2371,Amber,Blair,amber.blair4@gmail.com,3999331500,01785 Michael Ridge,Danielberg,GA,65707,1975-01-13
2372,Jonathan,Nelson,jonathan.nelson@outlook.com,4788001586,075 Garcia Rapid Suite 620,East Tracystad,FL,73275,2005-07-05
2373,Tammy,Barker,tbarker@example.com,2020065692,70992 Bell Track,Lake Carmenburgh,AZ,43136,1989-01-12
2374,Tracy,Parks,tparks@yahoo.com,4794468387,301 Olson Roads Apt. 041,Michelefurt,GU,96439,1970-03-26
2375,Nicole,Olson,nicole.olson@gmail.com,0977061416,6473 Hopkins Creek Apt. 853,North Julianstad,MI,36322,1942-07-16
2376,Julie,Martin,julie.martin23@example.com,6526081711,06117 Zachary Plain,Port Mark,MI,68648,1981-09-19
2377,Jessica,Maldonado,jessicam@yahoo.com,8140040321,1316 Thomas Village,West Matthewtown,MO,52450,1948-05-04
2378,Michael,Sanders,michaels@gmail.com,0678715221,193 Barnes Path,Lake Annettefurt,OK,17493,1990-02-07
2379,Emily,Hoffman,ehoffman@example.com,6692854684,990 Berg Well Suite 816,Curtisside,KY,51288,1999-02-17
2380,Natalie,Vargas,nataliev@yahoo.com,4615942971,39755 Mclaughlin Mountains,Lake David,NM,50383,1996-01-23
2381,Tammy,Campos,tammycampos@outlook.com,3632909743,48954 Jonathan Inlet Suite 508,Janeville,FM,57742,1942-10-18
2382,Victor,Cruz,vcruz@example.com,7505790733,2999 Allison Shoal,East Christopherchester,MS,97343,1983-04-17
2383,Beverly,Hayes,beverly.hayes@outlook.com,7635874393,8835 Kelsey Lock,Fernandezville,CA,90549,2006-09-07
2384,Suzanne,Harmon,suzanneharmon@outlook.com,8645529925,02645 Rivas Crossroad Apt. 240,Conwayfurt,GA,93047,1948-04-15
2385,Peter,Smith,peter.smith63@gmail.com,3142221602,2656 Gallagher Street,Ingramfort,GU,45754,1995-10-01
2386,Samantha,Boyle,samantha.boyle88@gmail.com,1057676313,324 Frank Motorway Suite 543,Smithmouth,KS,46678,1960-03-19
2387,Sean,Byrd,seanbyrd@gmail.com,2788663519,7373 Daniel Radial,Lake Joseph,AS,17122,1976-06-05
2388,Heather,Douglas,heatherdouglas@example.com,9356797465,728 Mccall Turnpike,North Matthewtown,FL,42391,1947-09-07
2389,Denise,Gonzalez,denise.gonzalez96@outlook.com,9227219700,773 Jennifer Burg,Craigmouth,NV,61312,1954-11-18
2390,Laura,Flynn,lauraflynn@example.com,5313513195,15879 Richard Ramp,Kevinmouth,OH,59978,1945-05-03
2391,Jennifer,Ramirez,jenniferr@gmail.com,4529769493,76965 Ashley Expressway Suite 861,New Kenneth,PR,02489,1957-09-18
2392,Karen,Ellison,karen_ellison@gmail.com,2343695544,703 Heather Ridges Apt. 235,Josephchester,MA,82394,1964-07-28
2393,Ryan,Anderson,ryan.anderson15@gmail.com,9721449965,2710 Stephanie Harbor Suite 224,Doylestad,ME,61140,2000-02-22
2394,Rose,Neal,rneal@outlook.com,9965638979,76493 Moore Common,Lake Mikaylaborough,VI,38212,1988-01-09
2395,Brandon,Bullock,brandon.bullock19@gmail.com,5858394183,8578 Stephanie Locks Suite 502,Patrickmouth,PA,95160,1977-11-17
2396,Tony,Reyes,tonyreyes@gmail.com,3254764899,79860 Sarah Hollow,Haneymouth,CA,30455,1941-08-01
2397,Anthony,Bennett,anthony.bennett@outlook.com,4264013099,5915 Miller Harbors Apt. 256,Parkerview,CT,34994,1997-08-25
2398,Jonathan,Bell,jonathanb@example.com,0567197876,241 Mckenzie Centers Apt. 655,Nelsonstad,NV,05286,2000-06-21
2399,Carolyn,Armstrong,carolyna@outlook.com,2411102136,4171 Farmer Islands,West Taraland,ME,52880,1997-11-21
2400,Christina,Davis,christina.davis82@outlook.com,1154790202,78999 Brewer Skyway Apt. 362,South Paige,UT,39896,1958-12-06
2401,Danielle,Young,danielle_young@yahoo.com,6120977870,1113 Jonathan Divide Suite 642,New William,NV,09148,1975-06-07
2402,Daniel,Williams,daniel_williams@gmail.com,9033291232,9698 Alec Trafficway Suite 753,Hughesberg,VT,51722,1994-09-19
2403,Scott,Barrett,scottb@outlook.com,6367997764,224 Morgan Keys,Kellyborough,VI,68116,1940-10-28
2404,Jonathan,Rodriguez,jonathan.rodriguez@yahoo.com,4229655018,437 Karen Hill,North Darrellton,MA,45988,1965-10-14
2405,Christie,Spears,christie_spears@outlook.com,8944535644,801 Lopez Centers Suite 720,Cruzmouth,PA,23495,2008-01-09
2406,Natalie,Herring,nherring@yahoo.com,4065688295,80777 Thomas Plaza,Lake Georgefurt,DE,01236,1996-10-01
2407,Chad,Ford,chad.ford@outlook.com,1049544376,89353 Ellis Common,Merrittland,GA,54333,1973-08-30
2408,Marco,Davis,marco.davis60@example.com,5825486934,9041 Gregory Corner,Gardnerborough,OH,01535,1985-09-28
2409,Dawn,Jimenez,dawn.jimenez@example.com,6133123135,9135 Watson Mission,Nathanielfurt,TX,94377,1967-08-26
2410,Cynthia,Martin,cynthiamartin@yahoo.com,6125771781,54765 Lance Grove Apt. 981,Lake Ryantown,AZ,97965,1991-10-26
2411,Alexis,Martinez,alexism@example.com,3824742084,17672 Richard Courts Apt. 209,East Bradleymouth,IN,22834,1961-12-16
2412,Brenda,Kidd,brenda.kidd76@outlook.com,9128298062,3232 Baker Plain,New Melissa,MH,70535,1988-10-21
2413,Michael,Johnson,michael.johnson24@example.com,8462536036,8375 Angela Meadow,Meyerborough,MS,06691,1966-06-10
2414,Joel,Stevens,joels@example.com,4510365707,008 Isaiah Expressway,West Colinfort,SC,28141,1946-03-01
2415,Matthew,Mccormick,mmccormick@gmail.com,8096124461,465 Thomas Stravenue Apt. 052,Jarvisborough,GU,38270,1960-06-26
2416,Jessica,Brewer,jessica_brewer@gmail.com,3762649460,9706 Shepard Ferry,Dawnview,AS,51753,1998-07-15
2417,Edward,Jenkins,ejenkins@gmail.com,7497615953,77306 Diaz Key Apt. 980,Joshuamouth,MD,85902,1972-10-26
2418,Cheryl,Brown,cbrown@example.com,1247130117,90805 John Ranch,Jasminechester,OH,04984,1978-12-02
2419,Robert,Rogers,robert.rogers@yahoo.com,6711082320,60439 Noble Streets,Cliffordstad,ME,96862,1998-12-14
2420,Vicki,Williams,vicki.williams32@outlook.com,5074620845,984 Pierce Inlet,Lake Gregory,MT,53746,1963-01-15
2421,Matthew,Diaz,matthew_diaz@gmail.com,4389397973,9772 Joann Via,Mitchellberg,AK,65327,1986-10-24
2422,Tracy,Wong,tracyw@gmail.com,7874766622,0267 Donaldson Isle,Lawrencehaven,PA,83758,1940-07-15
2423,Kimberly,Lee,kimberlyl@yahoo.com,4355371567,0596 Cynthia Burgs,South Melissatown,IL,71254,1959-01-27
2424,Carl,Perez,carlperez@outlook.com,4975970114,932 Sheila Path,West Allenmouth,KY,14956,2005-09-13
2425,Gregg,Cox,gregg.cox@gmail.com,8526881828,8611 Randolph Valley,Petersonshire,MS,62376,1965-11-13
2426,Kevin,Hutchinson,kevinhutchinson@yahoo.com,7761807223,855 Marisa Burg Suite 279,Robertsfurt,IN,41194,1990-08-27
2427,David,Mccarthy,david.mccarthy38@example.com,4766837813,452 Sanchez Neck,Lake Erika,IN,23204,1940-08-07
2428,Monica,Graham,mgraham@yahoo.com,3475744958,814 Justin Trafficway,West Ashleyview,FM,23343,1965-04-05
2429,Michael,Clark,michael_clark@yahoo.com,1636557254,64671 Jackson Cliffs Suite 105,East Tiffany,IN,03046,1997-11-13
2430,Christopher,Davis,cdavis@gmail.com,0354328093,5369 Cindy Lights,Belltown,NE,54509,1955-05-03
2431,Heather,Green,heatherg@outlook.com,8291013118,76594 Chad Point Suite 286,Ryanbury,OK,25752,1994-07-30
2432,Ana,Bush,abush@outlook.com,3151773034,25137 Lewis View,New Barbara,UT,04674,1976-09-29
2433,Stacy,Wilcox,stacy.wilcox74@example.com,0134090393,366 Shelby Ways,Angelicahaven,MP,38788,1978-02-01
2434,Patricia,Saunders,patricia.saunders@outlook.com,0822993517,55488 Wagner Harbors,Carsonside,OK,63479,1950-12-26
2435,Thomas,Ray,thomas_ray@yahoo.com,4928972643,42313 Randolph Camp,North Katherineside,PR,73325,1949-09-24
2436,Christopher,Hancock,christopher.hancock@gmail.com,2122072482,52759 Tiffany Club Suite 714,Thompsonbury,CO,54669,1981-12-08
2437,Brandon,Williamson,bwilliamson@gmail.com,9654920084,674 Nathaniel Ports,South Jasonstad,ME,74011,1966-10-09
2438,Chad,Chapman,chadchapman@gmail.com,1047618633,452 Thompson Isle Apt. 976,East Patrick,CT,43252,1952-02-28
2439,Kayla,Miles,kaylam@outlook.com,7214146033,67403 Ritter Point Apt. 637,Dawsonshire,AR,64772,1941-09-22
2440,Megan,Gray,megan.gray49@outlook.com,2396959153,25556 Brown Keys Suite 762,North Richardmouth,SD,66159,1975-07-02
2441,Cheryl,Jones,cheryljones@gmail.com,7454320131,11290 Faith Points Apt. 678,Kelseyfurt,PA,75403,2002-09-07
2442,Andrea,Davis,adavis@gmail.com,4342903434,940 Larson Valleys Suite 086,Thomasstad,UT,22540,1946-04-24
2443,Sandy,Kim,skim@yahoo.com,4809537177,0153 Jessica Mall,Simmonsview,OK,54149,1971-07-03
2444,Johnny,Sims,johnnysims@yahoo.com,5888931000,13964 Taylor Ferry,West Tonya,LA,41996,1986-11-16
2445,James,Figueroa,james.figueroa@gmail.com,4251058718,2073 West Pines,New Harold,DC,21663,2003-08-18
2446,Erica,Graham,ericagraham@example.com,8447521593,094 Kathleen Pine Suite 115,Port Chadville,PW,82543,1982-02-14
2447,Janice,Bell,janice.bell59@yahoo.com,2020952175,841 Courtney Rest Apt. 598,Scottborough,FM,28003,1965-12-24
2448,Hannah,Garcia,hannahg@yahoo.com,4334893596,4492 Megan Pine Apt. 389,New Jamesville,PR,76876,1946-11-25
2449,Angela,Anderson,angela.anderson@yahoo.com,6842255309,918 Benjamin Freeway Apt. 833,North Danielle,MO,81755,1960-03-28
2450,Dalton,Lewis,dlewis@gmail.com,5817916640,31421 Velasquez Heights,New Sabrina,SD,97643,1944-11-01
2451,Karen,Cox,karen.cox@outlook.com,6612838170,25353 Barnes Prairie Apt. 389,Port Peter,NC,84641,1978-11-09
2452,Ryan,Gutierrez,ryan_gutierrez@outlook.com,0117347457,697 Linda Rue,New Douglas,PA,05881,1998-10-25
2453,Susan,Davis,susan.davis@yahoo.com,9652138142,857 Dana Estate,Averyfurt,SC,54110,1979-01-09
2454,Bryan,Brooks,bryanb@example.com,3823103886,34673 Barr Run Apt. 576,South Marisa,FL,83149,1967-07-07
2455,Paula,Kramer,pkramer@gmail.com,4526588489,866 Christine Rest,New Norma,ND,62877,1994-05-25
2456,Lacey,Lewis,lacey.lewis@gmail.com,0190306796,0806 Graham Springs,East Timothyshire,ID,83029,2008-01-22
2457,Justin,Duncan,jduncan@gmail.com,5055860526,211 Sarah Extension,Stephenfurt,AK,55353,1968-08-14
2458,Stephen,Zimmerman,stephenz@example.com,1505763083,4024 Parker Branch,South Noahfort,SC,36414,1950-02-05
2459,Tami,Stanley,tami.stanley89@gmail.com,0634700268,1314 Sandoval Lakes,Kristietown,MI,93016,1967-02-06
2460,William,Wolfe,wwolfe@gmail.com,7854726207,891 Johnson Pine Apt. 304,New Crystal,MP,19846,1988-08-23
2461,Michael,Diaz,michaeldiaz@yahoo.com,9437429718,112 Marissa Isle Suite 331,North Jack,TX,22211,1990-08-06
2462,Roy,Harrell,royh@yahoo.com,8588642478,483 Cory Via Apt. 824,Hartmanmouth,OR,92502,2001-05-11
2463,David,Reyes,david.reyes@outlook.com,8645055360,15005 Karen Highway Apt. 291,Jasonland,NM,76530,1990-12-16
2464,Sean,Gould,sean.gould9@gmail.com,4791795713,13868 Michelle Club,Lake Ericahaven,RI,61473,1982-05-24
2465,Alisha,Rodgers,alisharodgers@gmail.com,8899993524,80910 Payne Common Suite 196,Anthonyville,DE,15522,1969-10-09
2466,Valerie,Kelly,vkelly@gmail.com,8202129430,730 James Forks Apt. 010,Lake John,RI,48198,1949-09-14
2467,Joseph,Powell,joseph.powell@outlook.com,0162712930,5433 Schwartz Street Suite 437,Ambermouth,TX,78841,1975-07-27
2468,James,Little,jlittle@outlook.com,6993496499,991 Carrie Ridges,East Richard,AR,45359,1957-09-04
2469,Matthew,Conway,mconway@gmail.com,0138388738,7497 Guzman River,Patriciaburgh,OH,73064,1940-04-06
2470,Jessica,Rice,jessica.rice@example.com,9512635814,17320 Lawrence Points Apt. 145,Gonzalezfurt,ID,32303,1954-11-18
2471,Kayla,Jackson,kayla.jackson@outlook.com,9613199223,916 Ellis Road Apt. 953,New Sarah,CA,63525,2007-10-09
2472,Christine,Jones,cjones@gmail.com,3924394826,98873 Craig Park Apt. 843,West Michael,MS,83446,1944-03-28
2473,Alec,Nash,alec_nash@example.com,6321646746,902 Mark Place,Gomezside,WA,88480,1946-10-08
2474,Charles,Carter,charlescarter@example.com,2627117970,17503 Chen Street,Aprilland,MT,28526,1994-09-17
2475,Megan,Bright,meganb@example.com,0929952464,758 Rodriguez Pass,New Samuelfort,VT,40632,1953-01-16
2476,Brandon,Martin,bmartin@gmail.com,8233200791,957 Freeman Roads Suite 969,South Hectorport,SC,91806,1972-07-01
2477,Jessica,Estes,jessica.estes41@yahoo.com,3174853913,285 Timothy Greens Suite 589,Oliviaborough,DE,87219,1970-12-12
2478,James,Gordon,jgordon@gmail.com,4415453883,626 Roberts Isle,North George,PW,88662,1986-10-03
2479,Daniel,Pugh,daniel.pugh14@outlook.com,0074583373,6244 Donna Prairie Suite 182,East Carlybury,AZ,20704,1947-10-03
2480,Jessica,Stanley,jstanley@example.com,4759658237,15805 Frederick Mount Suite 666,Jonesburgh,IN,35598,1986-09-16
2481,Steve,Smith,steve_smith@outlook.com,0207451253,423 Theodore Fork,Pamelaberg,FM,27342,1946-12-20
2482,Geoffrey,Villa,geoffrey.villa59@gmail.com,0842518369,45576 Hernandez View Suite 188,Kington,AK,10583,1988-09-05
2483,Catherine,Clayton,catherine.clayton38@yahoo.com,0022116140,09727 Leslie Ports,Matthewport,CT,53037,1999-11-27
2484,Lauren,Jordan,ljordan@example.com,3493686148,8092 Alexander Junctions Suite 172,New Tylerbury,AZ,64820,1946-12-20
2485,James,Wood,james.wood73@outlook.com,6406368438,11153 Sean Falls Apt. 193,Aliciastad,MS,72310,1978-03-13
2486,Alexander,Holmes,alexander_holmes@example.com,7148807166,612 Evans Village Suite 012,North Sharonchester,NM,92356,1961-05-20
2487,Amanda,Wilson,amanda.wilson@outlook.com,5627456661,57460 Hayden Club Suite 923,North Victorstad,UT,97338,1995-09-17
2488,Ryan,Bowers,ryan_bowers@outlook.com,1305237660,3728 Carter Turnpike Apt. 295,Roblesfort,RI,36625,1969-02-05
2489,Elizabeth,Ryan,elizabeth_ryan@gmail.com,4270927556,6540 Ruben Causeway Suite 370,Colonshire,FL,31911,1988-07-14
2490,Darius,Hamilton,dhamilton@outlook.com,6718987942,5913 Green Village,Smithchester,MS,69728,1988-07-31
2491,John,Simmons,johnsimmons@gmail.com,0560175837,04800 Anna Ford Suite 780,Kevinland,KY,23157,1995-11-10
2492,Claudia,Case,claudiac@example.com,9814143228,2155 Payne Extension Suite 608,West Amandaview,SD,24169,1949-05-07
2493,Megan,West,megan_west@outlook.com,7279658321,843 Bailey Valley Suite 143,Lake Jeffreyborough,NV,27793,1959-10-21
2494,Travis,Wheeler,twheeler@outlook.com,6099509228,58601 Adams Court Suite 960,East Crystalburgh,WA,88834,2000-04-03
2495,James,Keith,james.keith@example.com,9933722304,2219 James Run,Jenniferfort,IL,36916,1947-10-22
2496,Rachel,Stone,rachel_stone@outlook.com,4234595885,547 Briana Mountain Apt. 887,Jameshaven,ND,77537,1952-11-24
2497,Rhonda,Watson,rhonda_watson@example.com,3959741466,745 Richard Rue,Johnton,IA,08324,1977-10-05
2498,Jennifer,Bray,jenniferb@yahoo.com,5490258196,23352 Olson Courts Apt. 009,New Andrea,FM,05686,1961-09-05
2499,Lauren,Garcia,laurengarcia@outlook.com,2008760863,977 King Stravenue,Yuberg,NY,34279,1987-05-26
2500,Brett,Pacheco,bpacheco@example.com,2496251799,847 Deanna Club Suite 012,Andrewstad,CA,13258,1985-04-09
